Automobiles,https://www.okdam.com/category/automobiles
Bikes,https://www.okdam.com/category/bikes
Car,https://www.okdam.com/category/car
"TV, Appliances & Electronics",https://www.okdam.com/category/electronics
Mobiles,https://www.okdam.com/category/mobiles
Mobile Accessories,https://www.okdam.com/category/mobile-accessories
Power Banks,https://www.okdam.com/category/power-banks
Mobile Cases & Covers,https://www.okdam.com/category/mobile-cases-and-covers
Selfie Stick & Stands,https://www.okdam.com/category/selfie-stick
Mobile Chargers & Cables,https://www.okdam.com/category/chargers-and-cables
Mobile Holders,https://www.okdam.com/category/mobile-holders
Computers & Accessories,https://www.okdam.com/category/computer-accessories
Storage Devices ,https://www.okdam.com/category/storage-devices
Pen Drives,https://www.okdam.com/category/pen-drives
Internal Hard Drives,https://www.okdam.com/category/internal-hard-drives
External Hard Drives,https://www.okdam.com/category/external-hard-drives
Memory Cards,https://www.okdam.com/category/memory-cards
Desktop PC,https://www.okdam.com/category/desktop-pcs-and-monitors
Routers,https://www.okdam.com/category/routers
Mouse,https://www.okdam.com/category/mouse
Keyboards,https://www.okdam.com/category/keyboard
Security & Software,https://www.okdam.com/category/security-software
Multiplugs And Power Supply Cables,https://www.okdam.com/category/multiplugs-and-power-cables
Cables and Converters,https://www.okdam.com/category/cables-and-converters
Components & Spare Parts,https://www.okdam.com/category/network-components
"USB Fan, Lights & Gadgets",https://www.okdam.com/category/usb-gadgets
USB Connectors & Hubs,https://www.okdam.com/category/usb-hubs
Cooling Pads and Laptop Tables,https://www.okdam.com/category/cooling-padslaptop-tables
Card Readers,https://www.okdam.com/category/card-readers
Mouse Pads,https://www.okdam.com/category/mouse-pads
Webcams,https://www.okdam.com/category/webcams
Hard Drive Cases,https://www.okdam.com/category/hard-drive-cases
Cleaning Kits,https://www.okdam.com/category/cleaning-kits
Mouse & Keyboard Combos,https://www.okdam.com/category/mouse-and-keyboard-combos
Motherboards,https://www.okdam.com/category/motherboards
Computer Graphics Card ,https://www.okdam.com/category/computer-graphics-card
RAM Price Nepal,https://www.okdam.com/category/ram
Processors,https://www.okdam.com/category/processors
Adaptor,https://www.okdam.com/category/adaptor
Adapter,https://www.okdam.com/category/adapter
Network Components,https://www.okdam.com/category/network-components
Network Switches,https://www.okdam.com/category/switches
Laptop,https://www.okdam.com/category/laptop
Gaming Laptops,https://www.okdam.com/category/gaming-laptops
Macbooks,https://www.okdam.com/category/macbooks
Televisions,https://www.okdam.com/category/led-tv
Smart TVs,https://www.okdam.com/category/smart-television
Standard Televisions,https://www.okdam.com/category/standard-televisions
Android TVs,https://www.okdam.com/category/android-tvs
Ultra HD 4k TVs,https://www.okdam.com/category/ultra-hd-4k-tvs
Projector,https://www.okdam.com/category/projector
CCTV Cameras,https://www.okdam.com/category/cctv-cameras
Emergency Lights,https://www.okdam.com/category/emergency-lights
Torch Light,https://www.okdam.com/category/torch-light
Battery & Inverter,https://www.okdam.com/category/battery-and-inverter
Gaming Consoles,https://www.okdam.com/category/gaming
Gaming Accessories,https://www.okdam.com/category/gaming-accessories
 Gaming Chairs,https://www.okdam.com/category/gaming-chairs
Gaming Mouse,https://www.okdam.com/category/gaming-mouse
Gaming Keyboards,https://www.okdam.com/category/gaming-keyboards
Gaming Software,https://www.okdam.com/category/gaming-software
Gaming Top Up,https://www.okdam.com/category/gaming-top-up
Free Fire Diamond Top Up,https://www.okdam.com/category/free-fire-diamond-top-up
Gaming Headphone,https://www.okdam.com/category/gaming-headphone
 Gaming Mouse Pads,https://www.okdam.com/category/gaming-mouse-pads
Solar Power Systems,https://www.okdam.com/category/solar-power-systems
Printers & Scanner,https://www.okdam.com/category/printers-and-scanner
Printers,https://www.okdam.com/category/printers
Ink & Toner Cartridges Printer Accessories,https://www.okdam.com/category/ink-and-toner-cartridges
Barcode Scanners,https://www.okdam.com/category/barcode-scanners
Inkjet Batch Coding,https://www.okdam.com/category/inkjet-batch-coding-machine
Label Printer,https://www.okdam.com/category/label-printer
Bar code Printer,https://www.okdam.com/category/bar-code-printer
Paper Roll,https://www.okdam.com/category/paper-roll
Receipt Printer,https://www.okdam.com/category/receipt-printer
Camera & Accessories,https://www.okdam.com/category/camera-and-accessories
DSLR Cameras,https://www.okdam.com/category/cameras
Binoculars,https://www.okdam.com/category/binoculars
Camera & Photo Accessories,https://www.okdam.com/category/camera-accessories
Tripods,https://www.okdam.com/category/tripods
Drones,https://www.okdam.com/category/drones-and-accessories
Spy Cameras,https://www.okdam.com/category/spy-cameras
Car Cameras,https://www.okdam.com/category/car-cameras
Lenses,https://www.okdam.com/category/camera-lenses
Photography & Studio Lighting,https://www.okdam.com/category/photography-and-studio-lighting
"TVs, Audio & Video",https://www.okdam.com/category/audio
Home Audio & Theater,https://www.okdam.com/category/home-theatre-systems
Portable Speakers,https://www.okdam.com/category/speakers
Headphones & Earphones,https://www.okdam.com/category/headphones
Wireless Earbuds,https://www.okdam.com/category/wireless-earbuds
Smart Watches & Activity Trackers,https://www.okdam.com/category/smart-watches
Landline Phones & Parts,https://www.okdam.com/category/telephone-and-parts
Microphones,https://www.okdam.com/category/microphones
Computer Speakers,https://www.okdam.com/category/computer-speakers
TV Accessories,https://www.okdam.com/category/tv-accessories
Audio & Video Accessories,https://www.okdam.com/category/audio-and-video-accessories
Tablets,https://www.okdam.com/category/tablets
Projector Screen & Accessories,https://www.okdam.com/category/projector-screen-and-accessories
   Automatic Electric Pest Control,https://www.okdam.com/category/automatic-electric-pest-control
Furniture Home & Office,https://www.okdam.com/category/furniture
Home & Decor,https://www.okdam.com/category/home-and-decor
"LED Lights, Bulbs & Components",https://www.okdam.com/category/lighting-bulbs-and-components
Solar Lights,https://www.okdam.com/category/solar-lights
Study Lamp,https://www.okdam.com/category/study-lamp
Decorative Lights,https://www.okdam.com/category/decorative-lights
Clocks,https://www.okdam.com/category/clocks
Handicraft & Showpiece,https://www.okdam.com/category/showpiece
Indoor Plants,https://www.okdam.com/category/indoor-plants
Photo Frames,https://www.okdam.com/category/photo-framing
Outdoor Lighting,https://www.okdam.com/category/outdoor-lighting
Himalayan Salt Lamp,https://www.okdam.com/category/himalayan-salt-lamp
Flags,https://www.okdam.com/category/flags
Photo Albums,https://www.okdam.com/category/photo-albums
Wall Decor,https://www.okdam.com/category/wall-decor
Carpets,https://www.okdam.com/category/carpets
Curtains,https://www.okdam.com/category/curtains
"Diyo, Candles & Holders",https://www.okdam.com/category/diyo-candles-and-holders
Flowers & Vases,https://www.okdam.com/category/flowers-and-vases
Artificial Plants & Flowers,https://www.okdam.com/category/artificial-plants-and-flowers
Furniture Online ,https://www.okdam.com/category/steel-wooden-furniture-online
Metal Furniture,https://www.okdam.com/category/metal-furniture
Hospital Furniture,https://www.okdam.com/category/hospital-furniture
School Furniture,https://www.okdam.com/category/school-furniture
Sofas,https://www.okdam.com/category/sofas
Mattresses,https://www.okdam.com/category/mattresses
Tables,https://www.okdam.com/category/tables
Bedside Tables,https://www.okdam.com/category/bedside-tables
Dressing Tables,https://www.okdam.com/category/dressing-tables
Chairs,https://www.okdam.com/category/chairs
Plastic Chairs,https://www.okdam.com/category/plastic-chairs
Folding Chairs,https://www.okdam.com/category/folding-chairs
Office chair,https://www.okdam.com/category/office-chair
President Chair,https://www.okdam.com/category/president-chair
Visitor Chair,https://www.okdam.com/category/visitor-chair
Outdoor Furniture,https://www.okdam.com/category/outdoor-furniture
Beds,https://www.okdam.com/category/beds
Living Room Furniture,https://www.okdam.com/category/living-room-furniture
Dining Room Furniture,https://www.okdam.com/category/dining-table-sets
Collapsible Wardrobes,https://www.okdam.com/category/collapsible-wardrobes
Wardrobes,https://www.okdam.com/category/wardrobes
Window & Door,https://www.okdam.com/category/window-and-door
Mixer Grinders,https://www.okdam.com/category/mixture-grinders
Vault & Safe,https://www.okdam.com/category/vault-and-safe
Home Improvements,https://www.okdam.com/category/tools-and-home-improvements
Hardware Products,https://www.okdam.com/category/hardware-products
Screw & Nut Drivers,https://www.okdam.com/category/screwdrivers
Hammers,https://www.okdam.com/category/hammers
Hand Tool Sets,https://www.okdam.com/category/hand-tool-kits
Spanners & Wrenches,https://www.okdam.com/category/spanners-and-wrenches
Measuring Tapes,https://www.okdam.com/category/measuring-tapes
Heat Gun,https://www.okdam.com/category/heat-gun
Sewing Machines,https://www.okdam.com/category/sewing-machines
Clamp Meter,https://www.okdam.com/category/clamp-meter
Iron Board,https://www.okdam.com/category/iron-board
Soldering Irons,https://www.okdam.com/category/soldering-irons
Glue Guns,https://www.okdam.com/category/glue-guns
Repair Kits,https://www.okdam.com/category/repair-kits
Home & Party Needs,https://www.okdam.com/category/home-and-party-needs
Electric Air Blower,https://www.okdam.com/category/blowers
Door Bell,https://www.okdam.com/category/door-bell
Drill Machines,https://www.okdam.com/category/drill-machines
Paintbrush Sets,https://www.okdam.com/category/paintbrush-sets
Machinery & Equipments,https://www.okdam.com/category/machinery-and-equipments
Water Pumps,https://www.okdam.com/category/water-pumps
Sealing Machine,https://www.okdam.com/category/sealing-machine
Step Ladders,https://www.okdam.com/category/step-ladders
Pliers,https://www.okdam.com/category/pliers-and-pincers
Clamps,https://www.okdam.com/category/clamps
Commercial Food Preparation Equipment,https://www.okdam.com/category/commercial-food-preparation-equipment
Meat Mincer (Keema Maker),https://www.okdam.com/category/meat-mincer-keema-maker
Physiotherapy Equipment,https://www.okdam.com/category/physiotherapy-equipment
Shoe Racks & Storage,https://www.okdam.com/category/shoe-racks
Home Furnishing,https://www.okdam.com/category/furnishing
Bedsheets,https://www.okdam.com/category/bedsheets
Doormats,https://www.okdam.com/category/doormats
Covers & Protectors,https://www.okdam.com/category/covers-and-protectors
Cushion Covers,https://www.okdam.com/category/cushion-covers
Washing Machine Cover,https://www.okdam.com/category/washing-machine-cover
Sofa Covers ,https://www.okdam.com/category/sofa-covers
Pillow Covers ,https://www.okdam.com/category/pillow-covers
All Bathroom Accessories,https://www.okdam.com/category/bathroom-hardware
Taps & Showers,https://www.okdam.com/category/taps-and-showers
Bathroom Racks,https://www.okdam.com/category/bathroom-shelves
Bathroom Hooks,https://www.okdam.com/category/bathroom-hooks
Drain Strainers,https://www.okdam.com/category/drain-strainers
Hand Dryers,https://www.okdam.com/category/hand-dryers
Soaps Dispensers,https://www.okdam.com/category/bathroom-dispensers
Toilet Paper Holder,https://www.okdam.com/category/toilet-paper-holder
Towel Bars,https://www.okdam.com/category/towel-bars
Tumbler Holders,https://www.okdam.com/category/tumbler-holders
Bathroom Fixtures,https://www.okdam.com/category/bathroom-fixtures
Shower Curtains,https://www.okdam.com/category/shower-curtains
Basin,https://www.okdam.com/category/basin
TV Units & Cabinets,https://www.okdam.com/category/tv-units-and-cabinets
Ottoman,https://www.okdam.com/category/ottoman
Bean Bags,https://www.okdam.com/category/bean-bags
Recliners,https://www.okdam.com/category/recliners
Wall Shelves,https://www.okdam.com/category/wall-shelves
Drawers,https://www.okdam.com/category/drawers
Hammocks Swings,https://www.okdam.com/category/hammocks
Swing Chairs,https://www.okdam.com/category/swing-chairs
Book Shelves,https://www.okdam.com/category/book-shelves
Bar Stools,https://www.okdam.com/category/bar-stools
Bar Cabinets,https://www.okdam.com/category/bar-cabinets
Wine Racks,https://www.okdam.com/category/wine-racks
Home Storage Solutions,https://www.okdam.com/category/home-storage-solutions
Cabinets and Sideboards,https://www.okdam.com/category/cabinets-and-sideboards
Water Tanks,https://www.okdam.com/category/water-tanks
Smart Home Automation,https://www.okdam.com/category/home-automation-devices
Biometrics / RFID System,https://www.okdam.com/category/biometric-devices
GPS Tracking,https://www.okdam.com/category/gps-tracking
Alarm System and Accessories,https://www.okdam.com/category/alarm-system-and-accessories
Smart Security System,https://www.okdam.com/category/smart-security-system
Sensors & Spare Parts,https://www.okdam.com/category/sensors-and-spare-parts
Motion Sensor Light,https://www.okdam.com/category/motion-sensor-light
Locks and Security,https://www.okdam.com/category/locks-and-security
Smart Door Locks,https://www.okdam.com/category/smart-security-and-door-locks
Aquariums & Accessories,https://www.okdam.com/category/aquarium-and-accessories
Modular Kitchen Designing,https://www.okdam.com/category/modular-kitchen-designing
Bedding Sets,https://www.okdam.com/category/bedding-sets
"Blankets,Throws & Cover",https://www.okdam.com/category/blankets
Electric Blankets,https://www.okdam.com/category/electric-blankets
Cushions & Pillows,https://www.okdam.com/category/cushions-and-pillows
"Tapes, Adhesives & Sealers",https://www.okdam.com/category/tapes-adhesives-and-sealers
Storage & Organization,https://www.okdam.com/category/storage-and-organization
Clothes Hanger and Pegs,https://www.okdam.com/category/clothes-hanger-and-pegs
Storage Baskets,https://www.okdam.com/category/storage-baskets
LED Display and Signage,https://www.okdam.com/category/led-display-and-signage
Home & Kitchen Appliances,https://www.okdam.com/category/home-and-kitchen-appliances
Water Purifiers,https://www.okdam.com/category/water-purifiers
Barbecue & Grills,https://www.okdam.com/category/bbq-grills-and-accessories
Fans,https://www.okdam.com/category/fans
Ceiling Fans,https://www.okdam.com/category/ceiling-fans
Wall Fans,https://www.okdam.com/category/wall-fans
Table & Stand Fans,https://www.okdam.com/category/table-fans
Stand Fan,https://www.okdam.com/category/stand-fan
Portable Fan,https://www.okdam.com/category/portable-fan
Refrigerators,https://www.okdam.com/category/refrigerators
Washing Machine,https://www.okdam.com/category/washing-machine
Chimney,https://www.okdam.com/category/chimney
Gas & Electric Geyser,https://www.okdam.com/category/gas-and-electric-geyser
Air Conditioners,https://www.okdam.com/category/air-conditioners
Kitchen Tools & Appliances,https://www.okdam.com/category/kitchen-tools
Knifes,https://www.okdam.com/category/knives
Cutters,https://www.okdam.com/category/cutters
Knife Sharpeners,https://www.okdam.com/category/knife-sharpeners
Can Openers,https://www.okdam.com/category/can-openers
Oil Pot,https://www.okdam.com/category/oil-pot
Gas Lighters,https://www.okdam.com/category/gas-lighters
Chopsticks,https://www.okdam.com/category/chopsticks
Popcorn Makers,https://www.okdam.com/category/popcorn-makers
Water Dispensers ,https://www.okdam.com/category/water-dispensers
Room Heater,https://www.okdam.com/category/room-heater
Lunch Box,https://www.okdam.com/category/lunch-box
Fire Extinguisher,https://www.okdam.com/category/fire-extinguisher
Solar Water Heater,https://www.okdam.com/category/solar-water-heater
Cookware,https://www.okdam.com/category/cookware
Frying Pans,https://www.okdam.com/category/frying-pans
Kadahi,https://www.okdam.com/category/kadahi
Pots & Pans,https://www.okdam.com/category/pots-and-pans
Exhaust Fans,https://www.okdam.com/category/exhaust-fans
Flasks & Thermos,https://www.okdam.com/category/flasks-and-thermos
Deep Fryers,https://www.okdam.com/category/deep-fryers
Air Coolers,https://www.okdam.com/category/air-coolers
Air Purifiers,https://www.okdam.com/category/air-purifiers
Deep Freezer,https://www.okdam.com/category/deep-freezer
"Ranges, Ovens & Cooktops",https://www.okdam.com/category/ranges-ovens-and-cooktops
Gas Stoves,https://www.okdam.com/category/gas-stoves
Induction Cooktops,https://www.okdam.com/category/induction-cookers
Hobs,https://www.okdam.com/category/hobs
Gas Stoves & Accessories,https://www.okdam.com/category/gas-stoves-accessories
Kitchen & Dining,https://www.okdam.com/category/kitchen-and-dining
Cutlery,https://www.okdam.com/category/cutlery
Bakeware,https://www.okdam.com/category/bakeware
Measuring Cup & Jug,https://www.okdam.com/category/measuring-cup-and-jug
Food Storage & Dispensers,https://www.okdam.com/category/food-storage-and-dispensers
Oil Dispensers,https://www.okdam.com/category/oil-dispensers
Specialty Kitchen Tools,https://www.okdam.com/category/specialty-kitchen-tools
Ice Cube Trays,https://www.okdam.com/category/ice-cube-trays
Cutting Boards,https://www.okdam.com/category/cutting-boards
Apron,https://www.okdam.com/category/apron
Kitchen Rack,https://www.okdam.com/category/kitchen-rack
Table Runners,https://www.okdam.com/category/table-runners
Kitchen Organizers,https://www.okdam.com/category/kitchen-organizers
Serveware,https://www.okdam.com/category/serveware
Bowls,https://www.okdam.com/category/bowls
Dinner Plate,https://www.okdam.com/category/dinner-plate
Spoons,https://www.okdam.com/category/spoons
Kitchen Weighing Scales,https://www.okdam.com/category/kitchen-weighing-scales
Bread Makers,https://www.okdam.com/category/bread-makers
Small Appliances,https://www.okdam.com/category/small-appliances
"Sandwich Maker, Toasters & Grills",https://www.okdam.com/category/toasters
Rice Cookers,https://www.okdam.com/category/rice-cookers
Microwave Oven,https://www.okdam.com/category/microwave-oven
Juicers,https://www.okdam.com/category/juicers
Kettles,https://www.okdam.com/category/electric-kettles
Pressure Cookers,https://www.okdam.com/category/pressure-cookers
Vacuum Cleaners,https://www.okdam.com/category/vacuum-cleaners
Steam &  Dry Irons,https://www.okdam.com/category/irons
Coffee Makers,https://www.okdam.com/category/coffee-makers
 Roti Maker,https://www.okdam.com/category/roti-maker
Blender,https://www.okdam.com/category/blender
Tea & Coffee Pot,https://www.okdam.com/category/tea-and-coffee-pot
Egg Cookers,https://www.okdam.com/category/egg-cookers
 Electric Food Steamers,https://www.okdam.com/category/electric-food-steamers
Hot Pot,https://www.okdam.com/category/hot-pot
All Purpose Cleaner,https://www.okdam.com/category/home-and-cleaning
"Towels, Bath Linens",https://www.okdam.com/category/towels-bath-linens
Home Cleaning Utilities,https://www.okdam.com/category/home-cleaning-utilities
Cleaning Clothes & Dusters,https://www.okdam.com/category/cleaning-dusters
Buckets & Bowls,https://www.okdam.com/category/buckets-and-bowls
Soap Detergent & Laundry Essentials,https://www.okdam.com/category/detergent
Dishwashers,https://www.okdam.com/category/dishwashers
Detergent Powder,https://www.okdam.com/category/detergent-powder
Fabric Care,https://www.okdam.com/category/fabric-care
Laundry Detergents,https://www.okdam.com/category/laundry-detergents
Dustbins & Dustpans,https://www.okdam.com/category/dustbins
Brooms,https://www.okdam.com/category/brooms
Bathroom & Toilet Cleaning,https://www.okdam.com/category/bathroom-and-toilet-cleaning
Air Fresheners,https://www.okdam.com/category/air-fresheners
Trash Bags & Liners,https://www.okdam.com/category/trash-bags-and-liners
Cleaning Gloves,https://www.okdam.com/category/cleaning-gloves
Toilet Brushes,https://www.okdam.com/category/toilet-brushes
Housekeeping Cloth Duster,https://www.okdam.com/category/housekeeping-cloth-duster
Pest Control,https://www.okdam.com/category/pest-control
Mosquito Killers,https://www.okdam.com/category/mosquito-killers
Mosquito Nets,https://www.okdam.com/category/mosquito-nets
Water Tank/Screen Filter ,https://www.okdam.com/category/water-tankscreen-filter
Garbage Bags,https://www.okdam.com/category/garbage-bags
Paper & Disposables,https://www.okdam.com/category/paper-and-disposables
Tissue Paper,https://www.okdam.com/category/tissues
Toilet Paper,https://www.okdam.com/category/toilet-paper
Aluminium Foil,https://www.okdam.com/category/aluminium-foil
Adult Diapers,https://www.okdam.com/category/adult-diapers
Kitchen Roll,https://www.okdam.com/category/kitchen-roll
Scrub Pads,https://www.okdam.com/category/scrub-pads
Disinfectant Spray & Cleaners,https://www.okdam.com/category/disinfectant-spray-and-cleaners
Floor & Other Cleaners,https://www.okdam.com/category/floor-and-other-cleaners
Drain Cleaners,https://www.okdam.com/category/drain-cleaners
Furniture & Metal Cleaner ,https://www.okdam.com/category/furniture-and-metal-cleaner
Show Case,https://www.okdam.com/category/show-case
Food Purifiers,https://www.okdam.com/category/food-purifiers
Home Water Treatment Plant,https://www.okdam.com/category/water-treatment-plant
Measuring Tools & Commercial Scales,https://www.okdam.com/category/measuring-tools-and-commercial-scales
Cookware & Serveware,https://www.okdam.com/category/cookware-and-serveware
Tableware & Dinnerware,https://www.okdam.com/category/tableware-and-dinnerware
Glassware & Drinkware,https://www.okdam.com/category/glassware-and-drinkware
Cups & Mugs,https://www.okdam.com/category/mugs
Whisky Glass,https://www.okdam.com/category/whisky-glass
Juice Glass,https://www.okdam.com/category/juice-glass
Jugs,https://www.okdam.com/category/jugs
Serving Trays,https://www.okdam.com/category/serving-trays
Compartment Tray,https://www.okdam.com/category/compartment-tray
Washer & Dryer Parts & Accessories ,https://www.okdam.com/category/washer-and-dryer-parts-and-accessories
Men's Fashion,https://www.okdam.com/category/men
Men,https://www.okdam.com/category/after-shaves
Cricket Shoes,https://www.okdam.com/category/cricket-shoes
House Slippers,https://www.okdam.com/category/mens-slippers
WaterProof Shoes Cover ,https://www.okdam.com/category/waterproof-shoes-cover
Jackets,https://www.okdam.com/category/mens-jacket
Polo T-Shirts,https://www.okdam.com/category/polo-t-shirts
Plain T-Shirts,https://www.okdam.com/category/plain-t-shirts
Men Printed T-Shirts ,https://www.okdam.com/category/men-printed-t-shirts
Raincoat & Rainwear,https://www.okdam.com/category/raincoat
Waterproof Jackets,https://www.okdam.com/category/waterproof-jackets
Bomber Jacket,https://www.okdam.com/category/bomber-jacket
Mens Shorts,https://www.okdam.com/category/mens-shorts
 Football Jersey,https://www.okdam.com/category/football-jersey
Joggers & Sweats,https://www.okdam.com/category/joggers-and-sweats
Hoodies & Sweatshirts,https://www.okdam.com/category/hoodies-and-sweatshirts
Leather Jackets,https://www.okdam.com/category/leather-jackets
Holi Tshirt,https://www.okdam.com/category/holi-tshirt
Mens Underwear,https://www.okdam.com/category/mens-underwear
Chest Guard,https://www.okdam.com/category/chest-guard
Belts,https://www.okdam.com/category/belts
Lint Remover,https://www.okdam.com/category/lint-remover
Bow Tie,https://www.okdam.com/category/bow-tie
Caps & Hats,https://www.okdam.com/category/caps-and-hats
Wallets & Accessories,https://www.okdam.com/category/wallets
Men Gloves,https://www.okdam.com/category/gloves
Women's Fashion,https://www.okdam.com/category/women
Womenâ€™s Clothing,https://www.okdam.com/category/womens-clothing
"Top, T-Shirts & Shirts",https://www.okdam.com/category/womens-t-shirts
Blouses ,https://www.okdam.com/category/blouses
Mini Short Dresses,https://www.okdam.com/category/mini-short-dresses
Party Wear Gowns,https://www.okdam.com/category/party-wear-gowns
Leggings & Jeggings,https://www.okdam.com/category/leggings-and-jeggings
Maxi Dresses,https://www.okdam.com/category/maxi-dresses
Shapewears,https://www.okdam.com/category/shapewears
Skirts,https://www.okdam.com/category/skirts
Womenâ€™s Jackets,https://www.okdam.com/category/jackets
Bras,https://www.okdam.com/category/bras
Night Dresses & Nighties,https://www.okdam.com/category/night-dresses-and-nighties
Women,https://www.okdam.com/category/womens-fragrances
Maternity Wear,https://www.okdam.com/category/maternity-wear
Petticoats,https://www.okdam.com/category/petticoats
Dresses,https://www.okdam.com/category/dresses
Lingerie Sets,https://www.okdam.com/category/lingerie-sets
Womens Joggers,https://www.okdam.com/category/womens-joggers
Womenâ€™s Accessories,https://www.okdam.com/category/womens-accessories
Umbrellas,https://www.okdam.com/category/umbrella
Nail Arts,https://www.okdam.com/category/nail-arts
Earrings,https://www.okdam.com/category/earrings
Women Scarves & Mufflers,https://www.okdam.com/category/women-scarves-and-mufflers
Ladies Sandals,https://www.okdam.com/category/ladies-sandals
Ladies Boots,https://www.okdam.com/category/ladies-boots
Womenâ€™s Heels,https://www.okdam.com/category/heels
Handbags & Party Bag ,https://www.okdam.com/category/handbags
Womenâ€™s Sunglasses,https://www.okdam.com/category/womens-sunglasses
Jewellery ,https://www.okdam.com/category/jewellery
Fashion Jewellery ,https://www.okdam.com/category/fashion-jewellery
Rings,https://www.okdam.com/category/rings
Earrigs,https://www.okdam.com/category/earrigs
Jewellery Sets ,https://www.okdam.com/category/jewellery-sets
Bangles,https://www.okdam.com/category/bangles
Bracelets ,https://www.okdam.com/category/bracelets
Necklaces ,https://www.okdam.com/category/necklaces
Chains,https://www.okdam.com/category/chains
Jhumka,https://www.okdam.com/category/jhumka
Bridal sets,https://www.okdam.com/category/bridal-sets
Jewelry Storage,https://www.okdam.com/category/jewelry-storage
Traditional Clothing,https://www.okdam.com/category/traditional-clothing
Lehengas,https://www.okdam.com/category/lehengas
Sarees,https://www.okdam.com/category/sarees
"Baby, Kids & Fashion",https://www.okdam.com/category/kids-and-baby
Baby Toys & Accessories,https://www.okdam.com/category/baby-toys-and-accessories
Pull and Push Toys,https://www.okdam.com/category/pull-and-push-toys
Educational Toys,https://www.okdam.com/category/education-toys
Dolls & Accessories,https://www.okdam.com/category/dolls-and-accessories
Blaster Guns & Slingshots,https://www.okdam.com/category/blaster-guns-and-slingshots
 Action Figures,https://www.okdam.com/category/action-figures
Doll House,https://www.okdam.com/category/doll-house
Blocks & Building Toys,https://www.okdam.com/category/blocks-and-building-toys
Kitchen Toys,https://www.okdam.com/category/kitchen-toys
Entertainment Toys,https://www.okdam.com/category/entertainment-toys
Craft Kits,https://www.okdam.com/category/craft-kits
Seesaw Swing,https://www.okdam.com/category/seesaw-swing
School Supplies,https://www.okdam.com/category/school-supplies
Pencil Cases,https://www.okdam.com/category/pencil-cases
Balloons & Decoration,https://www.okdam.com/category/balloons-and-decoration
Balloons,https://www.okdam.com/category/balloons
Holi Pichkari,https://www.okdam.com/category/holi-pichkari
Baby Products ,https://www.okdam.com/category/baby-products
Kids Clothing,https://www.okdam.com/category/baby-clothing-and-shoes
Baby Socks,https://www.okdam.com/category/baby-socks
Kid,https://www.okdam.com/category/kids-watches
Baby Carriers,https://www.okdam.com/category/baby-carriers
Baby Swings & Chair Bouncers,https://www.okdam.com/category/baby-swings-and-chair-bouncers
Strollers,https://www.okdam.com/category/strollers
Kids Table,https://www.okdam.com/category/kids-table
Kids Shoes,https://www.okdam.com/category/kids-shoes
 Nursing Pads,https://www.okdam.com/category/nursing-pads
 Breast Pumps,https://www.okdam.com/category/breast-pumps
Kids Eyewear,https://www.okdam.com/category/kids-eyewear
Baby Walker,https://www.okdam.com/category/baby-walker
School Bags,https://www.okdam.com/category/school-bags
Montessori Materials Accessories,https://www.okdam.com/category/montessori-materials-accessories
Soft Toys ,https://www.okdam.com/category/soft-toys
Swimming Pool,https://www.okdam.com/category/swimming-pool
Potty Seats,https://www.okdam.com/category/potty-seats
Puzzles,https://www.okdam.com/category/puzzles
Dance Mats,https://www.okdam.com/category/dance-mats
Electronic Toys,https://www.okdam.com/category/electronic-toys
Remote Control Toys,https://www.okdam.com/category/remote-control-toys
Kids Tablets ,https://www.okdam.com/category/kids-tablets
Kids & Baby Care,https://www.okdam.com/category/baby-care
Baby Skin Care,https://www.okdam.com/category/baby-bath-and-skin-care
Baby Rash Creams,https://www.okdam.com/category/baby-rash-creams
Baby Oils & Lotions,https://www.okdam.com/category/baby-oils-and-lotions
Baby Powders,https://www.okdam.com/category/baby-powders
Baby Sunscreen,https://www.okdam.com/category/baby-sunscreen
Diapers,https://www.okdam.com/category/diapers
Baby Wipes,https://www.okdam.com/category/baby-wipes
"Bottle, Nipples & Accessories",https://www.okdam.com/category/bottle-nipples-and-accessories
Baby Food & formula,https://www.okdam.com/category/baby-food-and-formula
Baby Bottles,https://www.okdam.com/category/baby-bottles
Baby Bathing Products,https://www.okdam.com/category/baby-bathing-products
Baby Shampoos,https://www.okdam.com/category/baby-shampoos
Baby Soaps,https://www.okdam.com/category/baby-soaps
Baby Bed Protector,https://www.okdam.com/category/baby-bed-protector
Baby Mats,https://www.okdam.com/category/baby-mats
Baby Safety Products,https://www.okdam.com/category/baby-safety-products
Baby Feeding,https://www.okdam.com/category/baby-feeding
Outdoor Toys ,https://www.okdam.com/category/outdoor-toys
Outdoor Multi Play Station ,https://www.okdam.com/category/outdoor-multi-play-station
Garden Slides,https://www.okdam.com/category/garden-slides
Tricycles,https://www.okdam.com/category/tricycles
Kids Electric Vehicles,https://www.okdam.com/category/kids-electric-vehicles
Kids Scooters Toys,https://www.okdam.com/category/kids-scooters-toys
Baby Playards,https://www.okdam.com/category/baby-playards
"Sports, Fitness & Outdoor",https://www.okdam.com/category/sports-fitness-and-outdoor
Exercise & Fitness,https://www.okdam.com/category/fitness-equipment
Treadmills,https://www.okdam.com/category/treadmills
"Gym, Exercise Equipment",https://www.okdam.com/category/home-gym-equipment
Gym Belts,https://www.okdam.com/category/gym-belts
Gym Gloves,https://www.okdam.com/category/gym-gloves
Gym Balls ,https://www.okdam.com/category/gym-balls
Dumbbells,https://www.okdam.com/category/dumbells
Medicine Balls,https://www.okdam.com/category/medicine-balls
Fitness Gloves,https://www.okdam.com/category/fitness-gloves
Push-Up Stands,https://www.okdam.com/category/push-up-stands
Hand Grips,https://www.okdam.com/category/hand-grips
Ankle Weights,https://www.okdam.com/category/ankle-weights
Training Equipment,https://www.okdam.com/category/training-equipment
Jump Ropes,https://www.okdam.com/category/jump-ropes
Abs Roller,https://www.okdam.com/category/abs-roller
Strength Training Bars,https://www.okdam.com/category/strength-training-bars
Fitness Bars,https://www.okdam.com/category/fitness-bars
Fitness Benches,https://www.okdam.com/category/fitness-benches
Home Gyms,https://www.okdam.com/category/home-gyms
Bikes & Bicycles,https://www.okdam.com/category/bikes-and-bicycles
Helmets,https://www.okdam.com/category/helmets
Bike Accessories / Tools,https://www.okdam.com/category/bike-accessories-tools
Bike Cover,https://www.okdam.com/category/bike-cover
Cycling Accessories,https://www.okdam.com/category/cycling
Cyclist Clothing,https://www.okdam.com/category/cyclist-clothing
Kids Cycles,https://www.okdam.com/category/kids-cycles
Cycles,https://www.okdam.com/category/bicycle-cycles
Team Sports,https://www.okdam.com/category/team-sports
Sports Accessories ,https://www.okdam.com/category/sports-equipments
Table Tennis,https://www.okdam.com/category/table-tennis
Badminton,https://www.okdam.com/category/badminton
Football,https://www.okdam.com/category/football
Goalkeeper Gloves,https://www.okdam.com/category/goalkeeper-gloves
Cricket,https://www.okdam.com/category/cricket
Cricket Helmet,https://www.okdam.com/category/cricket-helmet
Cricket Gloves,https://www.okdam.com/category/cricket-gloves
Chess Boards,https://www.okdam.com/category/chess-boards
Baseball,https://www.okdam.com/category/baseball
Basketball,https://www.okdam.com/category/basketball
Boxing,https://www.okdam.com/category/boxing
Darts,https://www.okdam.com/category/darts
Hockey,https://www.okdam.com/category/hockey
Billiards & Pool,https://www.okdam.com/category/billiards-and-pool
Tennis,https://www.okdam.com/category/tennis
Volleyball,https://www.okdam.com/category/volleyball
Skates,https://www.okdam.com/category/skates
Bingo,https://www.okdam.com/category/bingo
Bowling Sets,https://www.okdam.com/category/bowling-sets
Garden & Outdoors Tools,https://www.okdam.com/category/gardening-tools
Hose Pipes,https://www.okdam.com/category/hose-pipes
Travel Gear & Luggage ,https://www.okdam.com/category/travel-and-luggage
Backpacks ,https://www.okdam.com/category/backpacks
Travel Bags,https://www.okdam.com/category/travel-bags
Travel Accessories,https://www.okdam.com/category/travel-accessories
Trekking Gear,https://www.okdam.com/category/trekking-gear
Coin Purses & Pouches,https://www.okdam.com/category/coin-purses-and-pouches
Luggage & Suitcases,https://www.okdam.com/category/luggage-and-suitcases
Kit Bags,https://www.okdam.com/category/kit-bags
Car Accessories ,https://www.okdam.com/category/car-accessories-tools
Baby Car Seats,https://www.okdam.com/category/baby-car-seats
Car Covers,https://www.okdam.com/category/car-covers
Interior Car Accessories,https://www.okdam.com/category/interior-car-accessories
Car Charger,https://www.okdam.com/category/car-charger
Touch-Up Paints,https://www.okdam.com/category/touch-up-paints
Trampoline,https://www.okdam.com/category/trampoline
Sports Bottles & Shakers,https://www.okdam.com/category/bottles-and-shakers
	Water Bottles ,https://www.okdam.com/category/water-bottles
Archery,https://www.okdam.com/category/archery
Tents & Canopies,https://www.okdam.com/category/tents
Fishing,https://www.okdam.com/category/fishing
Golf,https://www.okdam.com/category/golf
Water Sports,https://www.okdam.com/category/water-sports
Swimming Goggles,https://www.okdam.com/category/swimming-goggles
Mats & Yoga Mats,https://www.okdam.com/category/yoga-mats
Grass Carpet and Mat ,https://www.okdam.com/category/grass-carpet-and-mat
Sleeping Bags,https://www.okdam.com/category/sleeping-bags
Air Pumps,https://www.okdam.com/category/air-pumps
Play Scooters,https://www.okdam.com/category/scooters
Cross Trainer,https://www.okdam.com/category/cross-trainer
"Books, Music & More",https://www.okdam.com/category/books-music-and-more
Stationery & Crafts,https://www.okdam.com/category/books-stationery-and-more
Calculators,https://www.okdam.com/category/calculators
Whiteboards,https://www.okdam.com/category/whiteboards
Carrom,https://www.okdam.com/category/carrom
"Trophy, Award and Medal",https://www.okdam.com/category/trophy-award-and-medal
Pen & Pen Holder,https://www.okdam.com/category/pen-holder
Paper Bags,https://www.okdam.com/category/paper-bags
Key Chains,https://www.okdam.com/category/key-chains
Packing Material,https://www.okdam.com/category/packing-material
Presentation Products,https://www.okdam.com/category/presentation-products
Notebook,https://www.okdam.com/category/notebook
Office Supplies,https://www.okdam.com/category/office-supplies
Transparent Tape,https://www.okdam.com/category/transparent-tape
Filing Products,https://www.okdam.com/category/filing-products
Writing Supplies,https://www.okdam.com/category/writing-supplies
Pens & Pencils,https://www.okdam.com/category/pens-and-pencils
Markers & Highlighters,https://www.okdam.com/category/markers-and-highlighters
Drawing Material,https://www.okdam.com/category/drawing-material
Coloured Pencils,https://www.okdam.com/category/coloured-pencils
Copier Paper,https://www.okdam.com/category/copier-paper
Musical Instrument,https://www.okdam.com/category/musical-instrument
Nepali Madal,https://www.okdam.com/category/nepali-madal
Guitars,https://www.okdam.com/category/guitars
Sarangi,https://www.okdam.com/category/sarangi
Flutes,https://www.okdam.com/category/flutes
Digital Pianos,https://www.okdam.com/category/digital-pianos
Drums & Percussion,https://www.okdam.com/category/drums-and-percussion
Musical Keyboard,https://www.okdam.com/category/musical-keyboard
Violins,https://www.okdam.com/category/violin
Guitar & Bass Accessories,https://www.okdam.com/category/guitar-and-bass-accessories
Guitar Strings,https://www.okdam.com/category/guitar-strings
"DJ, Karaoke & Electronic Music",https://www.okdam.com/category/dj-karaoke-and-electronic-music
"Guitars, Basses & Kits",https://www.okdam.com/category/guitars-basses-and-kits
Bigul,https://www.okdam.com/category/bigul
Shaker,https://www.okdam.com/category/shaker
Ukulele,https://www.okdam.com/category/ukulele
Harmonicas,https://www.okdam.com/category/harmonicas
Books,https://www.okdam.com/category/books
Children,https://www.okdam.com/category/childrens-books
Nepali Books,https://www.okdam.com/category/nepali-books
Literature & Fiction Books,https://www.okdam.com/category/literature-and-fiction-books
Biographies & Memoirs Book,https://www.okdam.com/category/biographies-and-memoirs-book
Religion & Spirituality Books,https://www.okdam.com/category/religion-and-spirituality-books
Humor & Entertainment Books,https://www.okdam.com/category/humor-and-entertainment-books
"Politics, Philosophy & Social Books",https://www.okdam.com/category/politics-philosophy-and-social-books
Novels Books,https://www.okdam.com/category/novels-books
Self-Help Book,https://www.okdam.com/category/self-help-book
Business/ Economics Book,https://www.okdam.com/category/business-economics-book
Non-Fiction Book,https://www.okdam.com/category/non-fiction-book
Cooking Book,https://www.okdam.com/category/cooking-book
Fitness Books,https://www.okdam.com/category/fitness-books
History Books,https://www.okdam.com/category/history-books
Science Books,https://www.okdam.com/category/science-books
Travel Books,https://www.okdam.com/category/travel-books
Sport Books,https://www.okdam.com/category/sport-books
Language Books,https://www.okdam.com/category/language-books
Office Equipments,https://www.okdam.com/category/office-equipments
Note Binding Machine,https://www.okdam.com/category/note-binding-machine
Note Counting Machine,https://www.okdam.com/category/note-counting-machine
Queue Management System,https://www.okdam.com/category/queue-management-system
Metal Detector,https://www.okdam.com/category/metal-detector
Money Detector Machine,https://www.okdam.com/category/money-detector-machine
Paper Shredder,https://www.okdam.com/category/paper-shredder
Cheque Writer,https://www.okdam.com/category/cheque-writer
Numbering Machines,https://www.okdam.com/category/numbering-machines
Health & Personal Care,https://www.okdam.com/category/health-care
Health & Beauty,https://www.okdam.com/category/health-and-beauty
Skin Care,https://www.okdam.com/category/skin-care
Face Wash,https://www.okdam.com/category/face-wash
Sunscreen,https://www.okdam.com/category/sunscreen
Face Packs,https://www.okdam.com/category/face-packs
Skin Treatment,https://www.okdam.com/category/skin-treatment
Wipes,https://www.okdam.com/category/wipes
Tattoos,https://www.okdam.com/category/tattoos
Personal Care & More,https://www.okdam.com/category/personal-care-and-more
Hand Washes and Sanitizers,https://www.okdam.com/category/hand-washes-and-sanitizers
Portable Steam Sauna Bath,https://www.okdam.com/category/portable-steam-sauna-bath
Health Monitors,https://www.okdam.com/category/health-monitors
Vitamin Supplement,https://www.okdam.com/category/vitamin-supplement
Essential Oil,https://www.okdam.com/category/essential-oil
Weight Loss Supplements,https://www.okdam.com/category/weight-loss-supplements
Bath & Body,https://www.okdam.com/category/bath-and-body
Bath Soap,https://www.okdam.com/category/bath-soap
Body Wash,https://www.okdam.com/category/body-wash
Makeup & Cosmetic,https://www.okdam.com/category/makeup
Makeup Removers,https://www.okdam.com/category/makeup-removers
Eyeliner,https://www.okdam.com/category/eyeliner
Eyeshadow,https://www.okdam.com/category/eye-shadow
Highlighter,https://www.okdam.com/category/highlighter
Lipstick,https://www.okdam.com/category/lipstick
Primer Cream,https://www.okdam.com/category/primer-cream
Makeup Powder,https://www.okdam.com/category/makeup-powder
Blusher and Bronzer countour,https://www.okdam.com/category/blusher-and-bronzer-countour
Concealer,https://www.okdam.com/category/concealer
Foundation,https://www.okdam.com/category/foundation
Eyebrow,https://www.okdam.com/category/eyebrow
Mascaras,https://www.okdam.com/category/mascaras
Makeup Mirrors,https://www.okdam.com/category/makeup-mirrors
Hair Care & Styling,https://www.okdam.com/category/hair-care
Hair Dryers,https://www.okdam.com/category/hair-dryers
Shampoo & Conditioner,https://www.okdam.com/category/shampoo-and-conditioning
Hair Straighteners,https://www.okdam.com/category/hair-straighteners
 Hair Clips,https://www.okdam.com/category/hair-clips
Hair Colours,https://www.okdam.com/category/hair-colours
Hair Oil,https://www.okdam.com/category/hair-oil
Hair Removal,https://www.okdam.com/category/hair-removal
Hair Gel,https://www.okdam.com/category/hair-gel
Hair Treatments,https://www.okdam.com/category/hair-treatments
"Shaving, Grooming & Trimmers ",https://www.okdam.com/category/mens-grooming
Epilators,https://www.okdam.com/category/epilators
Scissors,https://www.okdam.com/category/scissors
Razor Blades,https://www.okdam.com/category/razor-blades
Shaving Foams & Creams,https://www.okdam.com/category/shaving-foams-and-creams
Trimmers & Clippers,https://www.okdam.com/category/trimmers-and-clippers
Diet Nutrition & Supplements,https://www.okdam.com/category/nutrition-and-supplements
Ayurvedic Supplements,https://www.okdam.com/category/ayurvedic-products
Protein Powders,https://www.okdam.com/category/protein-powders
Sexual Health Supplements,https://www.okdam.com/category/sexual-health-supplements
Digestive Care,https://www.okdam.com/category/digestive-care
 Multivitamins,https://www.okdam.com/category/multivitamins
Eye Glass & Contact Lens,https://www.okdam.com/category/optical-eye-glass-frame
Medical & Surgical Supplies,https://www.okdam.com/category/medical-and-surgical-supplies
Blood Pressure Monitoring Equipment,https://www.okdam.com/category/blood-pressure-monitoring-equipment
Personal Weighing Scales,https://www.okdam.com/category/weight-scales
General Wellness ,https://www.okdam.com/category/general-wellness
Nebulizer,https://www.okdam.com/category/nebuliser
Humidifiers,https://www.okdam.com/category/humidifiers
Commode Chair,https://www.okdam.com/category/commode-chair
Digital Thermometers,https://www.okdam.com/category/digital-thermometers
Stethoscopes,https://www.okdam.com/category/stethoscopes
Hot Bag,https://www.okdam.com/category/hot-bag
Hearing Aids,https://www.okdam.com/category/hearing-aids
Pulse Oximeters,https://www.okdam.com/category/pulse-oximeters
Respirators & Masks,https://www.okdam.com/category/respirators-and-masks
Body Massagers,https://www.okdam.com/category/body-massagers
First Aid Kits,https://www.okdam.com/category/first-aid-kits
Antiseptics & Disinfectants,https://www.okdam.com/category/antiseptics-and-disinfectants
Knee Supports,https://www.okdam.com/category/knee-supports
Glucometers,https://www.okdam.com/category/glucometers
Oxygen Concentrator,https://www.okdam.com/category/oxygen-concentrator
Wheelchairs,https://www.okdam.com/category/wheelchairs
Mobility Aids and Injury Support ,https://www.okdam.com/category/mobility-aids
Eating & Drinking Aids,https://www.okdam.com/category/eating-and-drinking-aids
Foldable Stretcher,https://www.okdam.com/category/foldable-stretcher
Lab & Scientific Products,https://www.okdam.com/category/lab-and-scientific-products
Prescription glasses,https://www.okdam.com/category/prescription-glasses
Eyewear Cleaning solution,https://www.okdam.com/category/eyewear-cleaning-solution
Sexual Wellness,https://www.okdam.com/category/sexual-wellness
Condoms,https://www.okdam.com/category/condoms
Body Pain Relief,https://www.okdam.com/category/body-pain-relief
"Hand, Foot Care & Nail Care",https://www.okdam.com/category/hand-foot-care-and-nail-care
Shoe Care,https://www.okdam.com/category/shoe-care
Female Hygiene Kit,https://www.okdam.com/category/female-hygiene-kit
Sanitary Pads,https://www.okdam.com/category/sanitary-pads
Ear Buds & Cotton,https://www.okdam.com/category/ear-buds-and-cotton
Digestive Probiotic,https://www.okdam.com/category/digestive-probiotic
Body Care,https://www.okdam.com/category/body-care
Moisturizers And Creams,https://www.okdam.com/category/moisturizers-and-creams
Eye Care,https://www.okdam.com/category/eye-care
Face Care,https://www.okdam.com/category/face-care
Serum & Essence,https://www.okdam.com/category/serum-and-essence
Lip Care,https://www.okdam.com/category/lip-care
Body Lotions,https://www.okdam.com/category/body-lotions
Foot Creams & Lotions,https://www.okdam.com/category/foot-creams-and-lotions
Massage Oil,https://www.okdam.com/category/massage-oil
Oral Care,https://www.okdam.com/category/oral-care
Tooth Paste,https://www.okdam.com/category/toothpaste
Tooth Brush,https://www.okdam.com/category/tooth-brush
Breath Fresheners & Mouth wash,https://www.okdam.com/category/breath-fresheners-and-mouth-wash
"Braces, Splints & Supports",https://www.okdam.com/category/braces-splints-and-supports
Injury support and braces,https://www.okdam.com/category/injury-support-and-braces
Other categories,https://www.okdam.com/category/other-categories
Hotels & Travel,https://www.okdam.com/category/hotels-and-travel
Everest Trekking Nepal,https://www.okdam.com/category/everest-trekking-nepal
Chitwan Wildlife Tour,https://www.okdam.com/category/chitwan-wildlife-tour
Annapurna Trek in Nepal,https://www.okdam.com/category/annapurna-trek-in-nepal
Langtang Valley Trek,https://www.okdam.com/category/langtang-valley-trek
T-shirt Printing,https://www.okdam.com/category/t-shirt-printing
Wedding Photography Service,https://www.okdam.com/category/wedding-photography-service
Wedding Videography Service,https://www.okdam.com/category/wedding-videography-service
Wedding Mandap Decoration ,https://www.okdam.com/category/wedding-mandap-decoration
Interior Designing Service,https://www.okdam.com/category/interior-designing-service
Wedding Car decoration,https://www.okdam.com/category/wedding-car-decoration
Cushion Print,https://www.okdam.com/category/cushion-print
Photo Printing,https://www.okdam.com/category/photo-printing
"Groceries, Daily Needs",https://www.okdam.com/category/grocery
Liquor,https://www.okdam.com/category/liquor
Whisky,https://www.okdam.com/category/whisky
Wine,https://www.okdam.com/category/wine
Tequila,https://www.okdam.com/category/tequila
Rum,https://www.okdam.com/category/rum
Vodka,https://www.okdam.com/category/vodka
Gin,https://www.okdam.com/category/gin
Beer,https://www.okdam.com/category/beer
Brandy,https://www.okdam.com/category/brandy
Cigarettes & Accessories ,https://www.okdam.com/category/cigarettes-and-accessories
Smok kits,https://www.okdam.com/category/smok-kits
Gifts & more,https://www.okdam.com/category/gifts-and-more
Cakes,https://www.okdam.com/category/cakes
Flowers,https://www.okdam.com/category/flowers
Mug & Cup Print,https://www.okdam.com/category/mug-and-cup-print
Pet Accessories & Supplies,https://www.okdam.com/category/pet-supplies
