h,t,t,p,s,:,/,/,s,m,a,r,t,d,o,k,o,.,c,o,m,/,c,a,t,e,g,o,r,y,/,h,e,a,l,t,h,-,b,e,a,u,t,y,-,5,7,7
h,t,t,p,s,:,/,/,s,m,a,r,t,d,o,k,o,.,c,o,m,/,c,a,t,e,g,o,r,y,/,W,o,m,e,n
h,t,t,p,s,:,/,/,s,m,a,r,t,d,o,k,o,.,c,o,m,/,c,a,t,e,g,o,r,y,/,f,o,o,t
h,t,t,p,s,:,/,/,s,m,a,r,t,d,o,k,o,.,c,o,m,/,c,a,t,e,g,o,r,y,/,f,o,o,t,-,c,r,e,a,m
h,t,t,p,s,:,/,/,s,m,a,r,t,d,o,k,o,.,c,o,m,/,c,a,t,e,g,o,r,y,/,f,o,o,t,-,c,a,r,e
h,t,t,p,s,:,/,/,s,m,a,r,t,d,o,k,o,.,c,o,m,/,c,a,t,e,g,o,r,y,/,S,e,x,u,a,l,-,w,e,l,l,n,e,s,s
h,t,t,p,s,:,/,/,s,m,a,r,t,d,o,k,o,.,c,o,m,/,c,a,t,e,g,o,r,y,/,c,o,n,d,o,m,s
h,t,t,p,s,:,/,/,s,m,a,r,t,d,o,k,o,.,c,o,m,/,c,a,t,e,g,o,r,y,/,l,i,p,s
h,t,t,p,s,:,/,/,s,m,a,r,t,d,o,k,o,.,c,o,m,/,c,a,t,e,g,o,r,y,/,l,i,p,s,t,i,c,k
h,t,t,p,s,:,/,/,s,m,a,r,t,d,o,k,o,.,c,o,m,/,c,a,t,e,g,o,r,y,/,l,i,p,l,i,n,e,r,s
h,t,t,p,s,:,/,/,s,m,a,r,t,d,o,k,o,.,c,o,m,/,c,a,t,e,g,o,r,y,/,l,i,p,-,c,a,r,e,s
h,t,t,p,s,:,/,/,s,m,a,r,t,d,o,k,o,.,c,o,m,/,c,a,t,e,g,o,r,y,/,O,r,a,l,-,C,a,r,e,s
h,t,t,p,s,:,/,/,s,m,a,r,t,d,o,k,o,.,c,o,m,/,c,a,t,e,g,o,r,y,/,T,o,o,t,h,p,a,s,t,e,s
h,t,t,p,s,:,/,/,s,m,a,r,t,d,o,k,o,.,c,o,m,/,c,a,t,e,g,o,r,y,/,M,o,u,t,h,-,W,a,s,h,s,-
h,t,t,p,s,:,/,/,s,m,a,r,t,d,o,k,o,.,c,o,m,/,c,a,t,e,g,o,r,y,/,T,o,o,t,h,b,r,u,s,h,e,s
h,t,t,p,s,:,/,/,s,m,a,r,t,d,o,k,o,.,c,o,m,/,c,a,t,e,g,o,r,y,/,S,k,i,n,-,C,a,r,e,s
h,t,t,p,s,:,/,/,s,m,a,r,t,d,o,k,o,.,c,o,m,/,c,a,t,e,g,o,r,y,/,T,h,e,-,T,i,s,s,u,e,-,P,a,p,e,r,s
h,t,t,p,s,:,/,/,s,m,a,r,t,d,o,k,o,.,c,o,m,/,c,a,t,e,g,o,r,y,/,F,i,t,n,e,s,s,-,E,q,u,i,p,m,e,n,t,s
h,t,t,p,s,:,/,/,s,m,a,r,t,d,o,k,o,.,c,o,m,/,c,a,t,e,g,o,r,y,/,T,r,e,a,d,m,i,l,l
h,t,t,p,s,:,/,/,s,m,a,r,t,d,o,k,o,.,c,o,m,/,c,a,t,e,g,o,r,y,/,T,h,e,-,M,u,l,t,i,-,G,y,m,-,A,c,c,e,s,s,o,r,i,e,s
h,t,t,p,s,:,/,/,s,m,a,r,t,d,o,k,o,.,c,o,m,/,c,a,t,e,g,o,r,y,/,D,u,m,b,b,e,l,l
h,t,t,p,s,:,/,/,s,m,a,r,t,d,o,k,o,.,c,o,m,/,c,a,t,e,g,o,r,y,/,E,q,u,i,p,m,e,n,t
h,t,t,p,s,:,/,/,s,m,a,r,t,d,o,k,o,.,c,o,m,/,c,a,t,e,g,o,r,y,/,S,p,o,r,t,s,-,E,q,u,i,p,m,e,n,t,s,-
h,t,t,p,s,:,/,/,s,m,a,r,t,d,o,k,o,.,c,o,m,/,c,a,t,e,g,o,r,y,/,S,p,o,r,t,-,A,c,c,e,s,s,o,r,i,e,s
h,t,t,p,s,:,/,/,s,m,a,r,t,d,o,k,o,.,c,o,m,/,c,a,t,e,g,o,r,y,/,g,r,o,o,m,i,n,g,-,a,c,c,e,s,s,o,r,i,e,s
h,t,t,p,s,:,/,/,s,m,a,r,t,d,o,k,o,.,c,o,m,/,c,a,t,e,g,o,r,y,/,S,h,a,v,i,n,g,%,2,0,R,a,z,o,r,%,2,0,B,l,a,d,e,s
h,t,t,p,s,:,/,/,s,m,a,r,t,d,o,k,o,.,c,o,m,/,c,a,t,e,g,o,r,y,/,S,h,a,v,i,n,g,%,2,0,R,a,z,o,r
h,t,t,p,s,:,/,/,s,m,a,r,t,d,o,k,o,.,c,o,m,/,c,a,t,e,g,o,r,y,/,S,h,a,v,i,n,g,%,2,0,B,l,a,d,e,s
h,t,t,p,s,:,/,/,s,m,a,r,t,d,o,k,o,.,c,o,m,/,c,a,t,e,g,o,r,y,/,h,e,a,l,t,h,c,a,r,e
h,t,t,p,s,:,/,/,s,m,a,r,t,d,o,k,o,.,c,o,m,/,c,a,t,e,g,o,r,y,/,m,e,d,i,c,i,n,e
h,t,t,p,s,:,/,/,s,m,a,r,t,d,o,k,o,.,c,o,m,/,c,a,t,e,g,o,r,y,/,f,a,c,e
h,t,t,p,s,:,/,/,s,m,a,r,t,d,o,k,o,.,c,o,m,/,c,a,t,e,g,o,r,y,/,f,a,c,e,-,m,o,i,s,t,u,r,i,z,e,r
h,t,t,p,s,:,/,/,s,m,a,r,t,d,o,k,o,.,c,o,m,/,c,a,t,e,g,o,r,y,/,f,a,c,e,-,s,u,n,s,c,r,e,e,n
h,t,t,p,s,:,/,/,s,m,a,r,t,d,o,k,o,.,c,o,m,/,c,a,t,e,g,o,r,y,/,f,a,c,e,-,p,r,i,m,e,r
h,t,t,p,s,:,/,/,s,m,a,r,t,d,o,k,o,.,c,o,m,/,c,a,t,e,g,o,r,y,/,h,i,g,h,l,i,g,h,t,e,r
h,t,t,p,s,:,/,/,s,m,a,r,t,d,o,k,o,.,c,o,m,/,c,a,t,e,g,o,r,y,/,b,l,u,s,h,e,r
h,t,t,p,s,:,/,/,s,m,a,r,t,d,o,k,o,.,c,o,m,/,c,a,t,e,g,o,r,y,/,e,y,e,s
h,t,t,p,s,:,/,/,s,m,a,r,t,d,o,k,o,.,c,o,m,/,c,a,t,e,g,o,r,y,/,e,y,e,-,s,h,a,d,o,w,s
h,t,t,p,s,:,/,/,s,m,a,r,t,d,o,k,o,.,c,o,m,/,c,a,t,e,g,o,r,y,/,l,i,q,u,i,d,-,e,y,e,l,i,n,e,r,s
h,t,t,p,s,:,/,/,s,m,a,r,t,d,o,k,o,.,c,o,m,/,c,a,t,e,g,o,r,y,/,g,e,l,-,e,y,e,l,i,n,e,r,s
h,t,t,p,s,:,/,/,s,m,a,r,t,d,o,k,o,.,c,o,m,/,c,a,t,e,g,o,r,y,/,l,i,q,u,i,d,-,e,y,e,p,e,n,s
h,t,t,p,s,:,/,/,s,m,a,r,t,d,o,k,o,.,c,o,m,/,c,a,t,e,g,o,r,y,/,m,a,s,c,a,r,a,s
h,t,t,p,s,:,/,/,s,m,a,r,t,d,o,k,o,.,c,o,m,/,c,a,t,e,g,o,r,y,/,b,o,d,y
h,t,t,p,s,:,/,/,s,m,a,r,t,d,o,k,o,.,c,o,m,/,c,a,t,e,g,o,r,y,/,m,a,s,s,a,g,e,-,e,s,s,e,n,t,i,a,l,-,o,i,l,s
h,t,t,p,s,:,/,/,s,m,a,r,t,d,o,k,o,.,c,o,m,/,c,a,t,e,g,o,r,y,/,s,h,o,w,e,r,-,g,e,l,s
h,t,t,p,s,:,/,/,s,m,a,r,t,d,o,k,o,.,c,o,m,/,c,a,t,e,g,o,r,y,/,h,e,r,b,a,l,-,s,o,a,p
h,t,t,p,s,:,/,/,s,m,a,r,t,d,o,k,o,.,c,o,m,/,c,a,t,e,g,o,r,y,/,b,o,d,y,-,l,o,t,i,o,n,s
h,t,t,p,s,:,/,/,s,m,a,r,t,d,o,k,o,.,c,o,m,/,c,a,t,e,g,o,r,y,/,m,i,s,t,s
h,t,t,p,s,:,/,/,s,m,a,r,t,d,o,k,o,.,c,o,m,/,c,a,t,e,g,o,r,y,/,h,a,i,r
h,t,t,p,s,:,/,/,s,m,a,r,t,d,o,k,o,.,c,o,m,/,c,a,t,e,g,o,r,y,/,c,o,n,d,i,t,i,o,n,e,r
h,t,t,p,s,:,/,/,s,m,a,r,t,d,o,k,o,.,c,o,m,/,c,a,t,e,g,o,r,y,/,H,a,i,r,%,2,0,O,i,l
h,t,t,p,s,:,/,/,s,m,a,r,t,d,o,k,o,.,c,o,m,/,c,a,t,e,g,o,r,y,/,s,h,a,m,p,o,o,s
h,t,t,p,s,:,/,/,s,m,a,r,t,d,o,k,o,.,c,o,m,/,c,a,t,e,g,o,r,y,/,H,a,i,r,%,2,0,S,p,r,a,y
h,t,t,p,s,:,/,/,s,m,a,r,t,d,o,k,o,.,c,o,m,/,c,a,t,e,g,o,r,y,/,h,a,i,r,-,c,a,r,e
h,t,t,p,s,:,/,/,s,m,a,r,t,d,o,k,o,.,c,o,m,/,c,a,t,e,g,o,r,y,/,b,r,u,s,h,e,s
h,t,t,p,s,:,/,/,s,m,a,r,t,d,o,k,o,.,c,o,m,/,c,a,t,e,g,o,r,y,/,m,a,k,e,-,u,p,-,b,r,u,s,h,e,s
h,t,t,p,s,:,/,/,s,m,a,r,t,d,o,k,o,.,c,o,m,/,c,a,t,e,g,o,r,y,/,h,a,n,d
h,t,t,p,s,:,/,/,s,m,a,r,t,d,o,k,o,.,c,o,m,/,c,a,t,e,g,o,r,y,/,H,a,n,d,-,S,a,n,i,t,i,z,e,r
h,t,t,p,s,:,/,/,s,m,a,r,t,d,o,k,o,.,c,o,m,/,c,a,t,e,g,o,r,y,/,H,e,a,l,t,h,-,C,a,r,e,s
h,t,t,p,s,:,/,/,s,m,a,r,t,d,o,k,o,.,c,o,m,/,c,a,t,e,g,o,r,y,/,h,a,n,d,-,c,r,e,a,m
h,t,t,p,s,:,/,/,s,m,a,r,t,d,o,k,o,.,c,o,m,/,c,a,t,e,g,o,r,y,/,h,a,n,d,-,w,a,s,h
h,t,t,p,s,:,/,/,s,m,a,r,t,d,o,k,o,.,c,o,m,/,c,a,t,e,g,o,r,y,/,n,a,i,l,s
h,t,t,p,s,:,/,/,s,m,a,r,t,d,o,k,o,.,c,o,m,/,c,a,t,e,g,o,r,y,/,n,a,i,l,-,p,o,l,i,s,h,e,s
h,t,t,p,s,:,/,/,s,m,a,r,t,d,o,k,o,.,c,o,m,/,c,a,t,e,g,o,r,y,/,N,a,i,l,-,P,o,l,i,s,h,-,D,r,y,e,r
h,t,t,p,s,:,/,/,s,m,a,r,t,d,o,k,o,.,c,o,m,/,c,a,t,e,g,o,r,y,/,s,a,n,i,t,a,r,y,-,n,a,p,k,i,n,s,-,1
h,t,t,p,s,:,/,/,s,m,a,r,t,d,o,k,o,.,c,o,m,/,c,a,t,e,g,o,r,y,/,M,e,n,s,t,r,u,a,l,-,H,y,g,i,e,n,e,-
h,t,t,p,s,:,/,/,s,m,a,r,t,d,o,k,o,.,c,o,m,/,c,a,t,e,g,o,r,y,/,E,a,r,-,C,a,r,e
h,t,t,p,s,:,/,/,s,m,a,r,t,d,o,k,o,.,c,o,m,/,c,a,t,e,g,o,r,y,/,I,n,t,i,m,a,t,e,-,H,y,g,i,e,n,e
h,t,t,p,s,:,/,/,s,m,a,r,t,d,o,k,o,.,c,o,m,/,c,a,t,e,g,o,r,y,/,A,d,u,l,t,-,D,i,a,p,e,r
h,t,t,p,s,:,/,/,s,m,a,r,t,d,o,k,o,.,c,o,m,/,c,a,t,e,g,o,r,y,/,s,a,n,i,t,a,r,y,-,n,a,p,k,i,n,s
h,t,t,p,s,:,/,/,s,m,a,r,t,d,o,k,o,.,c,o,m,/,c,a,t,e,g,o,r,y,/,p,e,r,f,u,m,e,s
h,t,t,p,s,:,/,/,s,m,a,r,t,d,o,k,o,.,c,o,m,/,c,a,t,e,g,o,r,y,/,m,e,n,s,-,1
h,t,t,p,s,:,/,/,s,m,a,r,t,d,o,k,o,.,c,o,m,/,c,a,t,e,g,o,r,y,/,U,n,i,%,2,0,s,e,x
h,t,t,p,s,:,/,/,s,m,a,r,t,d,o,k,o,.,c,o,m,/,c,a,t,e,g,o,r,y,/,w,o,m,e,n,s,-,1
h,t,t,p,s,:,/,/,s,m,a,r,t,d,o,k,o,.,c,o,m,/,c,a,t,e,g,o,r,y,/,d,e,o,d,o,r,a,n,t
h,t,t,p,s,:,/,/,s,m,a,r,t,d,o,k,o,.,c,o,m,/,c,a,t,e,g,o,r,y,/,M,e,n
h,t,t,p,s,:,/,/,s,m,a,r,t,d,o,k,o,.,c,o,m,/,c,a,t,e,g,o,r,y,/,f,o,o,d,-,g,r,o,c,e,r,i,e,s,-,3,3,4
h,t,t,p,s,:,/,/,s,m,a,r,t,d,o,k,o,.,c,o,m,/,c,a,t,e,g,o,r,y,/,F,r,e,s,h,-,F,o,o,d,s
h,t,t,p,s,:,/,/,s,m,a,r,t,d,o,k,o,.,c,o,m,/,c,a,t,e,g,o,r,y,/,E,g,g
h,t,t,p,s,:,/,/,s,m,a,r,t,d,o,k,o,.,c,o,m,/,c,a,t,e,g,o,r,y,/,V,e,g,e,t,a,b,l,e
h,t,t,p,s,:,/,/,s,m,a,r,t,d,o,k,o,.,c,o,m,/,c,a,t,e,g,o,r,y,/,F,r,o,z,e,n,-,F,o,o,d,-
h,t,t,p,s,:,/,/,s,m,a,r,t,d,o,k,o,.,c,o,m,/,c,a,t,e,g,o,r,y,/,F,r,o,z,e,n,-,F,o,o,d,s
h,t,t,p,s,:,/,/,s,m,a,r,t,d,o,k,o,.,c,o,m,/,c,a,t,e,g,o,r,y,/,F,r,o,z,e,n,-,M,e,a,t,s
h,t,t,p,s,:,/,/,s,m,a,r,t,d,o,k,o,.,c,o,m,/,c,a,t,e,g,o,r,y,/,C,o,n,f,e,c,t,i,o,n,e,r,y
h,t,t,p,s,:,/,/,s,m,a,r,t,d,o,k,o,.,c,o,m,/,c,a,t,e,g,o,r,y,/,B,i,s,c,u,i,t,-,C,o,o,k,i,e,s
h,t,t,p,s,:,/,/,s,m,a,r,t,d,o,k,o,.,c,o,m,/,c,a,t,e,g,o,r,y,/,c,h,i,p,s,-,1,3,2,7
h,t,t,p,s,:,/,/,s,m,a,r,t,d,o,k,o,.,c,o,m,/,c,a,t,e,g,o,r,y,/,c,h,o,c,o,l,a,t,e,_,s,w,e,e,t,s
h,t,t,p,s,:,/,/,s,m,a,r,t,d,o,k,o,.,c,o,m,/,c,a,t,e,g,o,r,y,/,W,a,f,f,e,r,s
h,t,t,p,s,:,/,/,s,m,a,r,t,d,o,k,o,.,c,o,m,/,c,a,t,e,g,o,r,y,/,h,o,n,e,y
h,t,t,p,s,:,/,/,s,m,a,r,t,d,o,k,o,.,c,o,m,/,c,a,t,e,g,o,r,y,/,F,o,o,d,-,E,s,s,e,n,t,i,a,l,s,-
h,t,t,p,s,:,/,/,s,m,a,r,t,d,o,k,o,.,c,o,m,/,c,a,t,e,g,o,r,y,/,b,r,e,a,k,f,a,s,t,-,c,e,r,e,a,l,s,-,1,3,4,8
h,t,t,p,s,:,/,/,s,m,a,r,t,d,o,k,o,.,c,o,m,/,c,a,t,e,g,o,r,y,/,J,a,m,s
h,t,t,p,s,:,/,/,s,m,a,r,t,d,o,k,o,.,c,o,m,/,c,a,t,e,g,o,r,y,/,c,o,o,k,i,n,g,-,o,i,l,s,-,g,h,e,e
h,t,t,p,s,:,/,/,s,m,a,r,t,d,o,k,o,.,c,o,m,/,c,a,t,e,g,o,r,y,/,P,i,c,k,l,e,s
h,t,t,p,s,:,/,/,s,m,a,r,t,d,o,k,o,.,c,o,m,/,c,a,t,e,g,o,r,y,/,d,a,l,-,p,u,l,s,e,s,-,1,3,4,8
h,t,t,p,s,:,/,/,s,m,a,r,t,d,o,k,o,.,c,o,m,/,c,a,t,e,g,o,r,y,/,D,a,i,r,y,-,P,r,o,d,u,c,t,s
h,t,t,p,s,:,/,/,s,m,a,r,t,d,o,k,o,.,c,o,m,/,c,a,t,e,g,o,r,y,/,C,h,e,e,s,e,s
h,t,t,p,s,:,/,/,s,m,a,r,t,d,o,k,o,.,c,o,m,/,c,a,t,e,g,o,r,y,/,G,h,e,e,-,a,n,d,-,H,o,n,e,y
h,t,t,p,s,:,/,/,s,m,a,r,t,d,o,k,o,.,c,o,m,/,c,a,t,e,g,o,r,y,/,m,i,l,k,-,p,o,w,d,e,r,s,-,1,3,3,5
h,t,t,p,s,:,/,/,s,m,a,r,t,d,o,k,o,.,c,o,m,/,c,a,t,e,g,o,r,y,/,B,u,t,t,e,r,s
h,t,t,p,s,:,/,/,s,m,a,r,t,d,o,k,o,.,c,o,m,/,c,a,t,e,g,o,r,y,/,c,r,e,a,m,-,y,o,g,u,r,t,s
h,t,t,p,s,:,/,/,s,m,a,r,t,d,o,k,o,.,c,o,m,/,c,a,t,e,g,o,r,y,/,H,e,a,l,t,h,-,N,u,t,r,i,t,i,o,n
h,t,t,p,s,:,/,/,s,m,a,r,t,d,o,k,o,.,c,o,m,/,c,a,t,e,g,o,r,y,/,V,i,t,a,m,i,n,s,-,D,i,e,t,a,r,y,-,S,u,p,p,l,e,m,e,n,t
h,t,t,p,s,:,/,/,s,m,a,r,t,d,o,k,o,.,c,o,m,/,c,a,t,e,g,o,r,y,/,H,e,a,l,t,h,-,D,r,i,n,k
h,t,t,p,s,:,/,/,s,m,a,r,t,d,o,k,o,.,c,o,m,/,c,a,t,e,g,o,r,y,/,d,r,y,-,f,r,u,i,t,s,-,1,3,4,3
h,t,t,p,s,:,/,/,s,m,a,r,t,d,o,k,o,.,c,o,m,/,c,a,t,e,g,o,r,y,/,B,a,k,e,r,i,e,s
h,t,t,p,s,:,/,/,s,m,a,r,t,d,o,k,o,.,c,o,m,/,c,a,t,e,g,o,r,y,/,b,a,k,i,n,g,-,c,o,o,k,i,n,g
h,t,t,p,s,:,/,/,s,m,a,r,t,d,o,k,o,.,c,o,m,/,c,a,t,e,g,o,r,y,/,v,e,g,a,n,-,1,6,4,5
h,t,t,p,s,:,/,/,s,m,a,r,t,d,o,k,o,.,c,o,m,/,c,a,t,e,g,o,r,y,/,d,r,y,-,m,e,a,t,-,1,6,4,5
h,t,t,p,s,:,/,/,s,m,a,r,t,d,o,k,o,.,c,o,m,/,c,a,t,e,g,o,r,y,/,w,o,m,e,n,s,-,f,a,s,h,i,o,n,-,2,5,5
h,t,t,p,s,:,/,/,s,m,a,r,t,d,o,k,o,.,c,o,m,/,c,a,t,e,g,o,r,y,/,w,o,m,e,n,s,-,e,a,r,r,i,n,g,s
h,t,t,p,s,:,/,/,s,m,a,r,t,d,o,k,o,.,c,o,m,/,c,a,t,e,g,o,r,y,/,c,l,o,t,h,i,n,g,s
h,t,t,p,s,:,/,/,s,m,a,r,t,d,o,k,o,.,c,o,m,/,c,a,t,e,g,o,r,y,/,t,o,p,s
h,t,t,p,s,:,/,/,s,m,a,r,t,d,o,k,o,.,c,o,m,/,c,a,t,e,g,o,r,y,/,d,r,e,s,s
h,t,t,p,s,:,/,/,s,m,a,r,t,d,o,k,o,.,c,o,m,/,c,a,t,e,g,o,r,y,/,t,e,e,s,-,p,o,l,o,s
h,t,t,p,s,:,/,/,s,m,a,r,t,d,o,k,o,.,c,o,m,/,c,a,t,e,g,o,r,y,/,j,e,a,n,s,-,j,e,g,g,i,n,g,s
h,t,t,p,s,:,/,/,s,m,a,r,t,d,o,k,o,.,c,o,m,/,c,a,t,e,g,o,r,y,/,s,p,o,r,t,s,-,w,e,a,r
h,t,t,p,s,:,/,/,s,m,a,r,t,d,o,k,o,.,c,o,m,/,c,a,t,e,g,o,r,y,/,f,o,o,t,w,e,a,r,s
h,t,t,p,s,:,/,/,s,m,a,r,t,d,o,k,o,.,c,o,m,/,c,a,t,e,g,o,r,y,/,f,l,a,t,-,s,a,n,d,a,l
h,t,t,p,s,:,/,/,s,m,a,r,t,d,o,k,o,.,c,o,m,/,c,a,t,e,g,o,r,y,/,h,e,e,l,s
h,t,t,p,s,:,/,/,s,m,a,r,t,d,o,k,o,.,c,o,m,/,c,a,t,e,g,o,r,y,/,s,p,o,r,t,s,-,s,h,o,e,s,-,1
h,t,t,p,s,:,/,/,s,m,a,r,t,d,o,k,o,.,c,o,m,/,c,a,t,e,g,o,r,y,/,w,e,d,g,e,s
h,t,t,p,s,:,/,/,s,m,a,r,t,d,o,k,o,.,c,o,m,/,c,a,t,e,g,o,r,y,/,c,a,s,u,a,l,-,s,h,o,e,s
h,t,t,p,s,:,/,/,s,m,a,r,t,d,o,k,o,.,c,o,m,/,c,a,t,e,g,o,r,y,/,w,o,m,e,n,s,-,b,a,g,s,-,w,a,l,l,e,t,s
h,t,t,p,s,:,/,/,s,m,a,r,t,d,o,k,o,.,c,o,m,/,c,a,t,e,g,o,r,y,/,b,a,g,s,-,3
h,t,t,p,s,:,/,/,s,m,a,r,t,d,o,k,o,.,c,o,m,/,c,a,t,e,g,o,r,y,/,c,l,u,t,c,h,e,s
h,t,t,p,s,:,/,/,s,m,a,r,t,d,o,k,o,.,c,o,m,/,c,a,t,e,g,o,r,y,/,a,c,c,e,s,s,o,r,i,e,s,-,1
h,t,t,p,s,:,/,/,s,m,a,r,t,d,o,k,o,.,c,o,m,/,c,a,t,e,g,o,r,y,/,s,u,n,g,l,a,s,s,e,s,-,3
h,t,t,p,s,:,/,/,s,m,a,r,t,d,o,k,o,.,c,o,m,/,c,a,t,e,g,o,r,y,/,s,o,c,k,s,-,1
h,t,t,p,s,:,/,/,s,m,a,r,t,d,o,k,o,.,c,o,m,/,c,a,t,e,g,o,r,y,/,s,h,a,w,l,-,s,c,a,r,f,s
h,t,t,p,s,:,/,/,s,m,a,r,t,d,o,k,o,.,c,o,m,/,c,a,t,e,g,o,r,y,/,n,e,c,k,l,a,c,e
h,t,t,p,s,:,/,/,s,m,a,r,t,d,o,k,o,.,c,o,m,/,c,a,t,e,g,o,r,y,/,H,e,a,d,b,a,n,d,s
h,t,t,p,s,:,/,/,s,m,a,r,t,d,o,k,o,.,c,o,m,/,c,a,t,e,g,o,r,y,/,e,l,e,c,t,r,o,n,i,c,s,-,6,9,5
h,t,t,p,s,:,/,/,s,m,a,r,t,d,o,k,o,.,c,o,m,/,c,a,t,e,g,o,r,y,/,e,l,e,c,t,r,i,c,-,s,e,w,i,n,g,-,m,a,c,h,i,n,e
h,t,t,p,s,:,/,/,s,m,a,r,t,d,o,k,o,.,c,o,m,/,c,a,t,e,g,o,r,y,/,s,o,f,t,w,a,r,e
h,t,t,p,s,:,/,/,s,m,a,r,t,d,o,k,o,.,c,o,m,/,c,a,t,e,g,o,r,y,/,a,n,t,i,v,i,r,u,s
h,t,t,p,s,:,/,/,s,m,a,r,t,d,o,k,o,.,c,o,m,/,c,a,t,e,g,o,r,y,/,s,m,a,r,t,-,w,a,t,c,h,e,s,-,1,6,3,5
h,t,t,p,s,:,/,/,s,m,a,r,t,d,o,k,o,.,c,o,m,/,c,a,t,e,g,o,r,y,/,k,a,r,o,a,k,e
h,t,t,p,s,:,/,/,s,m,a,r,t,d,o,k,o,.,c,o,m,/,c,a,t,e,g,o,r,y,/,l,a,r,g,e,-,a,p,p,l,i,a,n,c,e,s
h,t,t,p,s,:,/,/,s,m,a,r,t,d,o,k,o,.,c,o,m,/,c,a,t,e,g,o,r,y,/,a,i,r,-,c,o,n,d,i,t,i,o,n,e,r,s
h,t,t,p,s,:,/,/,s,m,a,r,t,d,o,k,o,.,c,o,m,/,c,a,t,e,g,o,r,y,/,w,a,s,h,i,n,g,-,m,a,c,h,i,n,e
h,t,t,p,s,:,/,/,s,m,a,r,t,d,o,k,o,.,c,o,m,/,c,a,t,e,g,o,r,y,/,c,h,e,s,t,-,f,r,e,e,z,e,r
h,t,t,p,s,:,/,/,s,m,a,r,t,d,o,k,o,.,c,o,m,/,c,a,t,e,g,o,r,y,/,d,e,e,p,-,f,r,e,e,z,e,r
h,t,t,p,s,:,/,/,s,m,a,r,t,d,o,k,o,.,c,o,m,/,c,a,t,e,g,o,r,y,/,r,e,f,r,i,g,e,r,a,t,o,r,s
h,t,t,p,s,:,/,/,s,m,a,r,t,d,o,k,o,.,c,o,m,/,c,a,t,e,g,o,r,y,/,h,o,m,e,-,a,p,p,l,i,a,n,c,e,s
h,t,t,p,s,:,/,/,s,m,a,r,t,d,o,k,o,.,c,o,m,/,c,a,t,e,g,o,r,y,/,H,o,m,e,-,A,u,t,o,m,a,t,i,o,n,-,d,e,v,i,c,e,s
h,t,t,p,s,:,/,/,s,m,a,r,t,d,o,k,o,.,c,o,m,/,c,a,t,e,g,o,r,y,/,i,r,o,n,s,-,3,3
h,t,t,p,s,:,/,/,s,m,a,r,t,d,o,k,o,.,c,o,m,/,c,a,t,e,g,o,r,y,/,v,a,c,u,u,m,-,c,l,e,a,n,e,r,s,-,3,3
h,t,t,p,s,:,/,/,s,m,a,r,t,d,o,k,o,.,c,o,m,/,c,a,t,e,g,o,r,y,/,w,a,t,e,r,-,p,u,r,i,f,i,e,r,s
h,t,t,p,s,:,/,/,s,m,a,r,t,d,o,k,o,.,c,o,m,/,c,a,t,e,g,o,r,y,/,s,t,e,a,m,e,r
h,t,t,p,s,:,/,/,s,m,a,r,t,d,o,k,o,.,c,o,m,/,c,a,t,e,g,o,r,y,/,k,i,t,c,h,e,n,-,a,p,p,l,i,a,n,c,e,s
h,t,t,p,s,:,/,/,s,m,a,r,t,d,o,k,o,.,c,o,m,/,c,a,t,e,g,o,r,y,/,m,i,x,t,u,r,e,-,g,r,i,n,d,e,r,s
h,t,t,p,s,:,/,/,s,m,a,r,t,d,o,k,o,.,c,o,m,/,c,a,t,e,g,o,r,y,/,b,l,e,n,d,e,r,s
h,t,t,p,s,:,/,/,s,m,a,r,t,d,o,k,o,.,c,o,m,/,c,a,t,e,g,o,r,y,/,r,i,c,e,-,c,o,o,k,e,r,s
h,t,t,p,s,:,/,/,s,m,a,r,t,d,o,k,o,.,c,o,m,/,c,a,t,e,g,o,r,y,/,j,u,i,c,e,-,m,i,x,t,u,r,e,-,g,r,i,n,d,e,r,s
h,t,t,p,s,:,/,/,s,m,a,r,t,d,o,k,o,.,c,o,m,/,c,a,t,e,g,o,r,y,/,j,u,i,c,e,-,e,x,t,r,a,c,t,o,r,s
h,t,t,p,s,:,/,/,s,m,a,r,t,d,o,k,o,.,c,o,m,/,c,a,t,e,g,o,r,y,/,M,o,b,i,l,e
h,t,t,p,s,:,/,/,s,m,a,r,t,d,o,k,o,.,c,o,m,/,c,a,t,e,g,o,r,y,/,S,m,a,r,t,-,P,h,o,n,e
h,t,t,p,s,:,/,/,s,m,a,r,t,d,o,k,o,.,c,o,m,/,c,a,t,e,g,o,r,y,/,g,r,o,o,m,i,n,g,-,a,p,p,l,i,a,n,c,e,s,-,1,6,3,5
h,t,t,p,s,:,/,/,s,m,a,r,t,d,o,k,o,.,c,o,m,/,c,a,t,e,g,o,r,y,/,s,h,a,v,e,r,s
h,t,t,p,s,:,/,/,s,m,a,r,t,d,o,k,o,.,c,o,m,/,c,a,t,e,g,o,r,y,/,m,u,l,t,i,-,g,r,o,o,m,e,r,s
h,t,t,p,s,:,/,/,s,m,a,r,t,d,o,k,o,.,c,o,m,/,c,a,t,e,g,o,r,y,/,f,a,m,i,l,y,-,h,a,i,r,-,c,l,i,p,p,e,r,s
h,t,t,p,s,:,/,/,s,m,a,r,t,d,o,k,o,.,c,o,m,/,c,a,t,e,g,o,r,y,/,n,o,s,e,-,t,r,i,m,m,e,r,s
h,t,t,p,s,:,/,/,s,m,a,r,t,d,o,k,o,.,c,o,m,/,c,a,t,e,g,o,r,y,/,h,a,i,r,-,d,r,y,e,r,s
h,t,t,p,s,:,/,/,s,m,a,r,t,d,o,k,o,.,c,o,m,/,c,a,t,e,g,o,r,y,/,T,a,b,l,e,t,s,s
h,t,t,p,s,:,/,/,s,m,a,r,t,d,o,k,o,.,c,o,m,/,c,a,t,e,g,o,r,y,/,P,o,w,e,r,B,a,n,k,s,s
h,t,t,p,s,:,/,/,s,m,a,r,t,d,o,k,o,.,c,o,m,/,c,a,t,e,g,o,r,y,/,E,n,e,r,g,i,z,e,r,-,-,H,i,g,h,t,e,c,h,s
h,t,t,p,s,:,/,/,s,m,a,r,t,d,o,k,o,.,c,o,m,/,c,a,t,e,g,o,r,y,/,e,n,e,r,g,i,z,e,r,-,m,a,x
h,t,t,p,s,:,/,/,s,m,a,r,t,d,o,k,o,.,c,o,m,/,c,a,t,e,g,o,r,y,/,E,n,e,r,g,i,z,e,r,-,-,U,l,t,i,m,a,t,e,s
h,t,t,p,s,:,/,/,s,m,a,r,t,d,o,k,o,.,c,o,m,/,c,a,t,e,g,o,r,y,/,R,e,g,u,l,a,r,-,P,o,w,e,r,b,a,n,k
h,t,t,p,s,:,/,/,s,m,a,r,t,d,o,k,o,.,c,o,m,/,c,a,t,e,g,o,r,y,/,-,A,c,c,e,s,s,o,r,i,e,s
h,t,t,p,s,:,/,/,s,m,a,r,t,d,o,k,o,.,c,o,m,/,c,a,t,e,g,o,r,y,/,e,x,t,e,n,s,i,o,n,-,c,o,r,d,m,u,l,t,i,p,l,u,g
h,t,t,p,s,:,/,/,s,m,a,r,t,d,o,k,o,.,c,o,m,/,c,a,t,e,g,o,r,y,/,r,e,c,h,a,r,g,e,a,b,l,e,-,a,n,d,-,f,l,a,s,h,l,i,g,h,t,s
h,t,t,p,s,:,/,/,s,m,a,r,t,d,o,k,o,.,c,o,m,/,c,a,t,e,g,o,r,y,/,p,e,n,d,r,i,v,e
h,t,t,p,s,:,/,/,s,m,a,r,t,d,o,k,o,.,c,o,m,/,c,a,t,e,g,o,r,y,/,c,a,b,l,e,s,-,c,o,n,v,e,r,t,e,r,s
h,t,t,p,s,:,/,/,s,m,a,r,t,d,o,k,o,.,c,o,m,/,c,a,t,e,g,o,r,y,/,a,d,a,p,t,e,r
h,t,t,p,s,:,/,/,s,m,a,r,t,d,o,k,o,.,c,o,m,/,c,a,t,e,g,o,r,y,/,a,i,r,-,p,u,r,i,f,i,e,r,s,-,a,n,d,-,h,u,m,i,d,i,f,i,e,r,s
h,t,t,p,s,:,/,/,s,m,a,r,t,d,o,k,o,.,c,o,m,/,c,a,t,e,g,o,r,y,/,D,r,o,n,e,s,-,G,i,m,b,l,e,s
h,t,t,p,s,:,/,/,s,m,a,r,t,d,o,k,o,.,c,o,m,/,c,a,t,e,g,o,r,y,/,D,r,o,n,e,s
h,t,t,p,s,:,/,/,s,m,a,r,t,d,o,k,o,.,c,o,m,/,c,a,t,e,g,o,r,y,/,a,c,c,e,s,s,o,r,i,e,s,-,1,5,2,7
h,t,t,p,s,:,/,/,s,m,a,r,t,d,o,k,o,.,c,o,m,/,c,a,t,e,g,o,r,y,/,G,i,m,b,a,l,s
h,t,t,p,s,:,/,/,s,m,a,r,t,d,o,k,o,.,c,o,m,/,c,a,t,e,g,o,r,y,/,V,l,o,g,g,i,n,g
h,t,t,p,s,:,/,/,s,m,a,r,t,d,o,k,o,.,c,o,m,/,c,a,t,e,g,o,r,y,/,M,i,k,e
h,t,t,p,s,:,/,/,s,m,a,r,t,d,o,k,o,.,c,o,m,/,c,a,t,e,g,o,r,y,/,T,r,i,p,o,d
h,t,t,p,s,:,/,/,s,m,a,r,t,d,o,k,o,.,c,o,m,/,c,a,t,e,g,o,r,y,/,D,S,L,R
h,t,t,p,s,:,/,/,s,m,a,r,t,d,o,k,o,.,c,o,m,/,c,a,t,e,g,o,r,y,/,G,a,m,i,n,g,-,A,c,c,e,s,s,o,r,i,e
h,t,t,p,s,:,/,/,s,m,a,r,t,d,o,k,o,.,c,o,m,/,c,a,t,e,g,o,r,y,/,g,a,m,i,n,g,-,c,h,a,i,r,-,1,5,5,8
h,t,t,p,s,:,/,/,s,m,a,r,t,d,o,k,o,.,c,o,m,/,c,a,t,e,g,o,r,y,/,g,a,m,i,n,g,-,e,a,r,p,h,o,n,e,s,-,h,e,a,d,p,h,o,n,e,s
h,t,t,p,s,:,/,/,s,m,a,r,t,d,o,k,o,.,c,o,m,/,c,a,t,e,g,o,r,y,/,g,a,m,i,n,g,-,m,o,u,s,e
h,t,t,p,s,:,/,/,s,m,a,r,t,d,o,k,o,.,c,o,m,/,c,a,t,e,g,o,r,y,/,v,i,d,e,o,-,g,a,m,e,-,1,5,5,8
h,t,t,p,s,:,/,/,s,m,a,r,t,d,o,k,o,.,c,o,m,/,c,a,t,e,g,o,r,y,/,c,o,n,s,o,l,e,s
h,t,t,p,s,:,/,/,s,m,a,r,t,d,o,k,o,.,c,o,m,/,c,a,t,e,g,o,r,y,/,h,o,m,e,-,t,h,e,a,t,e,r,s
h,t,t,p,s,:,/,/,s,m,a,r,t,d,o,k,o,.,c,o,m,/,c,a,t,e,g,o,r,y,/,s,p,e,a,k,e,r,s
h,t,t,p,s,:,/,/,s,m,a,r,t,d,o,k,o,.,c,o,m,/,c,a,t,e,g,o,r,y,/,b,l,u,e,t,o,o,t,h,-,s,p,e,a,k,e,r
h,t,t,p,s,:,/,/,s,m,a,r,t,d,o,k,o,.,c,o,m,/,c,a,t,e,g,o,r,y,/,s,o,u,n,d,-,m,a,c,h,i,n,e,-,1
h,t,t,p,s,:,/,/,s,m,a,r,t,d,o,k,o,.,c,o,m,/,c,a,t,e,g,o,r,y,/,p,o,r,t,a,b,l,e,-,s,p,e,a,k,e,r,s
h,t,t,p,s,:,/,/,s,m,a,r,t,d,o,k,o,.,c,o,m,/,c,a,t,e,g,o,r,y,/,O,f,f,i,c,e,-,E,q,u,i,p,m,e,n,t,s,-
h,t,t,p,s,:,/,/,s,m,a,r,t,d,o,k,o,.,c,o,m,/,c,a,t,e,g,o,r,y,/,p,r,o,j,e,c,t,o,r,-,s,c,r,e,e,n
h,t,t,p,s,:,/,/,s,m,a,r,t,d,o,k,o,.,c,o,m,/,c,a,t,e,g,o,r,y,/,P,r,o,j,e,c,t,o,r
h,t,t,p,s,:,/,/,s,m,a,r,t,d,o,k,o,.,c,o,m,/,c,a,t,e,g,o,r,y,/,R,o,u,t,e,r
h,t,t,p,s,:,/,/,s,m,a,r,t,d,o,k,o,.,c,o,m,/,c,a,t,e,g,o,r,y,/,M,u,l,t,i,-,P,l,u,g
h,t,t,p,s,:,/,/,s,m,a,r,t,d,o,k,o,.,c,o,m,/,c,a,t,e,g,o,r,y,/,t,e,l,e,v,i,s,i,o,n,-,1,6,3,5
h,t,t,p,s,:,/,/,s,m,a,r,t,d,o,k,o,.,c,o,m,/,c,a,t,e,g,o,r,y,/,s,m,a,r,t,-,t,v
h,t,t,p,s,:,/,/,s,m,a,r,t,d,o,k,o,.,c,o,m,/,c,a,t,e,g,o,r,y,/,u,l,t,r,a,-,h,d
h,t,t,p,s,:,/,/,s,m,a,r,t,d,o,k,o,.,c,o,m,/,c,a,t,e,g,o,r,y,/,l,e,d,-,t,v
h,t,t,p,s,:,/,/,s,m,a,r,t,d,o,k,o,.,c,o,m,/,c,a,t,e,g,o,r,y,/,h,d
h,t,t,p,s,:,/,/,s,m,a,r,t,d,o,k,o,.,c,o,m,/,c,a,t,e,g,o,r,y,/,a,c,c,e,s,s,o,r,i,e,s,-,2,0
h,t,t,p,s,:,/,/,s,m,a,r,t,d,o,k,o,.,c,o,m,/,c,a,t,e,g,o,r,y,/,P,r,i,n,t,e,r
h,t,t,p,s,:,/,/,s,m,a,r,t,d,o,k,o,.,c,o,m,/,c,a,t,e,g,o,r,y,/,C,o,l,o,r,-,L,a,s,e,r,-,P,r,i,n,t,e,r
h,t,t,p,s,:,/,/,s,m,a,r,t,d,o,k,o,.,c,o,m,/,c,a,t,e,g,o,r,y,/,D,e,s,k,-,J,e,t,-,I,n,k,-,P,r,i,n,t,e,r
h,t,t,p,s,:,/,/,s,m,a,r,t,d,o,k,o,.,c,o,m,/,c,a,t,e,g,o,r,y,/,L,a,s,e,r,-,P,r,i,n,t,e,r
h,t,t,p,s,:,/,/,s,m,a,r,t,d,o,k,o,.,c,o,m,/,c,a,t,e,g,o,r,y,/,P,r,i,n,t,i,n,g,-,A,c,c,e,s,s,o,r,i,e,s,s
h,t,t,p,s,:,/,/,s,m,a,r,t,d,o,k,o,.,c,o,m,/,c,a,t,e,g,o,r,y,/,T,h,e,r,m,a,l,-,P,r,i,n,t,e,r,s
h,t,t,p,s,:,/,/,s,m,a,r,t,d,o,k,o,.,c,o,m,/,c,a,t,e,g,o,r,y,/,L,a,p,t,o,p
h,t,t,p,s,:,/,/,s,m,a,r,t,d,o,k,o,.,c,o,m,/,c,a,t,e,g,o,r,y,/,C,o,n,v,e,r,t,i,b,l,e,-,L,a,p,t,o,p
h,t,t,p,s,:,/,/,s,m,a,r,t,d,o,k,o,.,c,o,m,/,c,a,t,e,g,o,r,y,/,G,a,m,i,n,g,-,L,a,p,t,o,p
h,t,t,p,s,:,/,/,s,m,a,r,t,d,o,k,o,.,c,o,m,/,c,a,t,e,g,o,r,y,/,N,o,t,e,b,o,o,k,s,s
h,t,t,p,s,:,/,/,s,m,a,r,t,d,o,k,o,.,c,o,m,/,c,a,t,e,g,o,r,y,/,L,a,p,t,o,p,-,C,o,v,e,r,-,B,a,g,s
h,t,t,p,s,:,/,/,s,m,a,r,t,d,o,k,o,.,c,o,m,/,c,a,t,e,g,o,r,y,/,D,e,s,k,t,o,p
h,t,t,p,s,:,/,/,s,m,a,r,t,d,o,k,o,.,c,o,m,/,c,a,t,e,g,o,r,y,/,M,o,n,i,t,o,r,s,s
h,t,t,p,s,:,/,/,s,m,a,r,t,d,o,k,o,.,c,o,m,/,c,a,t,e,g,o,r,y,/,C,o,m,p,u,t,e,r,-,A,c,c,e,s,s,o,r,i,e,s,s
h,t,t,p,s,:,/,/,s,m,a,r,t,d,o,k,o,.,c,o,m,/,c,a,t,e,g,o,r,y,/,A,c,c,e,s,s,o,r,i,e,s,s
h,t,t,p,s,:,/,/,s,m,a,r,t,d,o,k,o,.,c,o,m,/,c,a,t,e,g,o,r,y,/,C,a,b,l,e
h,t,t,p,s,:,/,/,s,m,a,r,t,d,o,k,o,.,c,o,m,/,c,a,t,e,g,o,r,y,/,E,t,h,e,r,n,e,t,-,S,w,i,t,c,h,s
h,t,t,p,s,:,/,/,s,m,a,r,t,d,o,k,o,.,c,o,m,/,c,a,t,e,g,o,r,y,/,K,e,y,b,o,a,r,d
h,t,t,p,s,:,/,/,s,m,a,r,t,d,o,k,o,.,c,o,m,/,c,a,t,e,g,o,r,y,/,M,o,u,s,e,s
h,t,t,p,s,:,/,/,s,m,a,r,t,d,o,k,o,.,c,o,m,/,c,a,t,e,g,o,r,y,/,g,a,d,g,e,t,s,-,1
h,t,t,p,s,:,/,/,s,m,a,r,t,d,o,k,o,.,c,o,m,/,c,a,t,e,g,o,r,y,/,D,r,o,n,e
h,t,t,p,s,:,/,/,s,m,a,r,t,d,o,k,o,.,c,o,m,/,c,a,t,e,g,o,r,y,/,I,n,s,t,a,n,t,-,F,i,l,m,-,C,a,m,e,r,a
h,t,t,p,s,:,/,/,s,m,a,r,t,d,o,k,o,.,c,o,m,/,c,a,t,e,g,o,r,y,/,F,U,J,I,F,I,L,M,-,I,N,S,T,A,X,-,M,i,n,i,-,I,n,s,t,a,n,t,-,F,i,l,m
h,t,t,p,s,:,/,/,s,m,a,r,t,d,o,k,o,.,c,o,m,/,c,a,t,e,g,o,r,y,/,A,c,t,i,o,n,-,C,a,m,e,r,a
h,t,t,p,s,:,/,/,s,m,a,r,t,d,o,k,o,.,c,o,m,/,c,a,t,e,g,o,r,y,/,c,a,m,e,r,a,-,a,n,d,-,l,e,n,s
h,t,t,p,s,:,/,/,s,m,a,r,t,d,o,k,o,.,c,o,m,/,c,a,t,e,g,o,r,y,/,h,o,m,e,-,l,i,v,i,n,g,-,5,2,0
h,t,t,p,s,:,/,/,s,m,a,r,t,d,o,k,o,.,c,o,m,/,c,a,t,e,g,o,r,y,/,s,p,o,r,t,s
h,t,t,p,s,:,/,/,s,m,a,r,t,d,o,k,o,.,c,o,m,/,c,a,t,e,g,o,r,y,/,b,e,d,-,b,a,t,h
h,t,t,p,s,:,/,/,s,m,a,r,t,d,o,k,o,.,c,o,m,/,c,a,t,e,g,o,r,y,/,r,o,b,e
h,t,t,p,s,:,/,/,s,m,a,r,t,d,o,k,o,.,c,o,m,/,c,a,t,e,g,o,r,y,/,b,e,d,s,h,e,e,t,s
h,t,t,p,s,:,/,/,s,m,a,r,t,d,o,k,o,.,c,o,m,/,c,a,t,e,g,o,r,y,/,t,o,w,e,l
h,t,t,p,s,:,/,/,s,m,a,r,t,d,o,k,o,.,c,o,m,/,c,a,t,e,g,o,r,y,/,m,a,t,t,r,e,s,s,-,1,9,0,3
h,t,t,p,s,:,/,/,s,m,a,r,t,d,o,k,o,.,c,o,m,/,c,a,t,e,g,o,r,y,/,p,e,s,t,-,c,o,n,t,r,o,l,-,1,6,3,9
h,t,t,p,s,:,/,/,s,m,a,r,t,d,o,k,o,.,c,o,m,/,c,a,t,e,g,o,r,y,/,w,a,s,h,i,n,g,-,u,t,e,n,s,i,l,s
h,t,t,p,s,:,/,/,s,m,a,r,t,d,o,k,o,.,c,o,m,/,c,a,t,e,g,o,r,y,/,a,u,t,o,m,o,t,i,v,e
h,t,t,p,s,:,/,/,s,m,a,r,t,d,o,k,o,.,c,o,m,/,c,a,t,e,g,o,r,y,/,p,u,j,a,-,r,e,l,i,g,i,o,u,s
h,t,t,p,s,:,/,/,s,m,a,r,t,d,o,k,o,.,c,o,m,/,c,a,t,e,g,o,r,y,/,m,e,d,i,a,-,m,u,s,i,c,-,b,o,o,k
h,t,t,p,s,:,/,/,s,m,a,r,t,d,o,k,o,.,c,o,m,/,c,a,t,e,g,o,r,y,/,m,u,s,i,c,a,l,-,i,n,s,t,r,u,m,e,n,t,-,1,8,0,3
h,t,t,p,s,:,/,/,s,m,a,r,t,d,o,k,o,.,c,o,m,/,c,a,t,e,g,o,r,y,/,b,o,o,k,s,-,n,o,v,e,l
h,t,t,p,s,:,/,/,s,m,a,r,t,d,o,k,o,.,c,o,m,/,c,a,t,e,g,o,r,y,/,l,i,v,e,-,s,o,u,n,d,-,s,t,a,g,e,-,e,q,u,i,p,m,e,n,t
h,t,t,p,s,:,/,/,s,m,a,r,t,d,o,k,o,.,c,o,m,/,c,a,t,e,g,o,r,y,/,m,u,s,i,c,a,l,-,i,n,s,t,r,u,m,e,n,t,-,a,c,c,e,s,s,o,r,i,e,s
h,t,t,p,s,:,/,/,s,m,a,r,t,d,o,k,o,.,c,o,m,/,c,a,t,e,g,o,r,y,/,t,e,l,e,s,c,o,p,e
h,t,t,p,s,:,/,/,s,m,a,r,t,d,o,k,o,.,c,o,m,/,c,a,t,e,g,o,r,y,/,s,t,a,t,i,o,n,e,r,y,-,c,r,a,f,t,s
h,t,t,p,s,:,/,/,s,m,a,r,t,d,o,k,o,.,c,o,m,/,c,a,t,e,g,o,r,y,/,p,e,n,s
h,t,t,p,s,:,/,/,s,m,a,r,t,d,o,k,o,.,c,o,m,/,c,a,t,e,g,o,r,y,/,l,e,a,r,n,i,n,g,-,e,d,u,c,a,t,i,o,n
h,t,t,p,s,:,/,/,s,m,a,r,t,d,o,k,o,.,c,o,m,/,c,a,t,e,g,o,r,y,/,s,t,a,p,l,e,r,s,-,p,u,n,c,h,e,s
h,t,t,p,s,:,/,/,s,m,a,r,t,d,o,k,o,.,c,o,m,/,c,a,t,e,g,o,r,y,/,a,r,t,-,s,u,p,p,l,i,e,s,-,1,7,5,1
h,t,t,p,s,:,/,/,s,m,a,r,t,d,o,k,o,.,c,o,m,/,c,a,t,e,g,o,r,y,/,s,c,a,l,e,-,1,6,3,9
h,t,t,p,s,:,/,/,s,m,a,r,t,d,o,k,o,.,c,o,m,/,c,a,t,e,g,o,r,y,/,G,a,r,d,e,n
h,t,t,p,s,:,/,/,s,m,a,r,t,d,o,k,o,.,c,o,m,/,c,a,t,e,g,o,r,y,/,d,u,s,t,i,n,g,-,b,r,u,s,h
h,t,t,p,s,:,/,/,s,m,a,r,t,d,o,k,o,.,c,o,m,/,c,a,t,e,g,o,r,y,/,o,u,t,d,o,o,r,-,f,u,r,n,i,t,u,r,e
h,t,t,p,s,:,/,/,s,m,a,r,t,d,o,k,o,.,c,o,m,/,c,a,t,e,g,o,r,y,/,B,B,Q,%,2,0,G,r,i,l,l
h,t,t,p,s,:,/,/,s,m,a,r,t,d,o,k,o,.,c,o,m,/,c,a,t,e,g,o,r,y,/,F,u,r,n,i,t,u,r,e,s
h,t,t,p,s,:,/,/,s,m,a,r,t,d,o,k,o,.,c,o,m,/,c,a,t,e,g,o,r,y,/,T,a,b,l,e,-,C,h,a,i,r,-,S,e,t
h,t,t,p,s,:,/,/,s,m,a,r,t,d,o,k,o,.,c,o,m,/,c,a,t,e,g,o,r,y,/,C,h,a,i,r,s,-,1
h,t,t,p,s,:,/,/,s,m,a,r,t,d,o,k,o,.,c,o,m,/,c,a,t,e,g,o,r,y,/,R,a,c,k,s,-,3
h,t,t,p,s,:,/,/,s,m,a,r,t,d,o,k,o,.,c,o,m,/,c,a,t,e,g,o,r,y,/,m,a,n,u,a,l,-,w,a,t,e,r,-,p,u,m,p
h,t,t,p,s,:,/,/,s,m,a,r,t,d,o,k,o,.,c,o,m,/,c,a,t,e,g,o,r,y,/,s,o,f,a
h,t,t,p,s,:,/,/,s,m,a,r,t,d,o,k,o,.,c,o,m,/,c,a,t,e,g,o,r,y,/,C,l,e,a,n,i,n,g,-,H,o,u,s,e,h,o,l,d,s,-
h,t,t,p,s,:,/,/,s,m,a,r,t,d,o,k,o,.,c,o,m,/,c,a,t,e,g,o,r,y,/,A,g,a,r,b,a,t,t,i,s
h,t,t,p,s,:,/,/,s,m,a,r,t,d,o,k,o,.,c,o,m,/,c,a,t,e,g,o,r,y,/,A,i,r,-,F,r,e,s,h,e,n,e,r,s
h,t,t,p,s,:,/,/,s,m,a,r,t,d,o,k,o,.,c,o,m,/,c,a,t,e,g,o,r,y,/,t,T,o,i,l,e,t,r,i,e,s
h,t,t,p,s,:,/,/,s,m,a,r,t,d,o,k,o,.,c,o,m,/,c,a,t,e,g,o,r,y,/,M,o,p,s,s
h,t,t,p,s,:,/,/,s,m,a,r,t,d,o,k,o,.,c,o,m,/,c,a,t,e,g,o,r,y,/,l,a,u,n,d,r,y,-,a,n,d,-,c,l,e,a,n,i,n,g
h,t,t,p,s,:,/,/,s,m,a,r,t,d,o,k,o,.,c,o,m,/,c,a,t,e,g,o,r,y,/,P,e,t,s,-,A,c,c,e,s,s,o,r,i,e,s,s
h,t,t,p,s,:,/,/,s,m,a,r,t,d,o,k,o,.,c,o,m,/,c,a,t,e,g,o,r,y,/,D,o,g,-,F,o,o,d
h,t,t,p,s,:,/,/,s,m,a,r,t,d,o,k,o,.,c,o,m,/,c,a,t,e,g,o,r,y,/,f,i,s,h,-,f,o,o,d
h,t,t,p,s,:,/,/,s,m,a,r,t,d,o,k,o,.,c,o,m,/,c,a,t,e,g,o,r,y,/,P,e,t,-,a,c,c,e,s,s,o,r,i,e,s
h,t,t,p,s,:,/,/,s,m,a,r,t,d,o,k,o,.,c,o,m,/,c,a,t,e,g,o,r,y,/,O,u,t,d,o,o,r,s
h,t,t,p,s,:,/,/,s,m,a,r,t,d,o,k,o,.,c,o,m,/,c,a,t,e,g,o,r,y,/,s,w,i,m,m,i,n,g,-,p,o,o,l,-,1,5,2,0
h,t,t,p,s,:,/,/,s,m,a,r,t,d,o,k,o,.,c,o,m,/,c,a,t,e,g,o,r,y,/,k,i,t,c,h,e,n,-,a,c,c,e,s,s,o,r,i,e,s
h,t,t,p,s,:,/,/,s,m,a,r,t,d,o,k,o,.,c,o,m,/,c,a,t,e,g,o,r,y,/,R,o,t,i,%,2,0,M,a,k,e,r
h,t,t,p,s,:,/,/,s,m,a,r,t,d,o,k,o,.,c,o,m,/,c,a,t,e,g,o,r,y,/,W,a,t,e,r,-,B,o,t,t,l,e,-,M,i,n,i,-,D,i,s,p,e,n,s,e,r,s
h,t,t,p,s,:,/,/,s,m,a,r,t,d,o,k,o,.,c,o,m,/,c,a,t,e,g,o,r,y,/,J,u,g,s
h,t,t,p,s,:,/,/,s,m,a,r,t,d,o,k,o,.,c,o,m,/,c,a,t,e,g,o,r,y,/,w,o,k,s,-,1
h,t,t,p,s,:,/,/,s,m,a,r,t,d,o,k,o,.,c,o,m,/,c,a,t,e,g,o,r,y,/,G,r,i,l,l,s
h,t,t,p,s,:,/,/,s,m,a,r,t,d,o,k,o,.,c,o,m,/,c,a,t,e,g,o,r,y,/,l,i,g,h,t,s,-,b,u,l,b,-,a,n,d,-,b,a,t,t,e,r,i,e,s
h,t,t,p,s,:,/,/,s,m,a,r,t,d,o,k,o,.,c,o,m,/,c,a,t,e,g,o,r,y,/,l,e,d,-,b,u,l,b,-,1
h,t,t,p,s,:,/,/,s,m,a,r,t,d,o,k,o,.,c,o,m,/,c,a,t,e,g,o,r,y,/,E,m,e,r,g,e,n,c,y,-,L,i,g,h,t
h,t,t,p,s,:,/,/,s,m,a,r,t,d,o,k,o,.,c,o,m,/,c,a,t,e,g,o,r,y,/,s,e,c,u,r,i,t,y,-,e,q,u,i,p,m,e,n,t,s,-,1
h,t,t,p,s,:,/,/,s,m,a,r,t,d,o,k,o,.,c,o,m,/,c,a,t,e,g,o,r,y,/,S,c,r,e,w,-,D,r,i,v,e,r
h,t,t,p,s,:,/,/,s,m,a,r,t,d,o,k,o,.,c,o,m,/,c,a,t,e,g,o,r,y,/,h,o,m,e,-,d,e,c,o,r
h,t,t,p,s,:,/,/,s,m,a,r,t,d,o,k,o,.,c,o,m,/,c,a,t,e,g,o,r,y,/,r,u,g,s,-,c,a,r,p,e,t
h,t,t,p,s,:,/,/,s,m,a,r,t,d,o,k,o,.,c,o,m,/,c,a,t,e,g,o,r,y,/,a,c,c,e,s,s,o,r,i,e,s,-,1,3
h,t,t,p,s,:,/,/,s,m,a,r,t,d,o,k,o,.,c,o,m,/,c,a,t,e,g,o,r,y,/,c,u,r,t,a,i,n,s,-,2
h,t,t,p,s,:,/,/,s,m,a,r,t,d,o,k,o,.,c,o,m,/,c,a,t,e,g,o,r,y,/,w,a,l,l,-,s,t,i,c,k,e,r,s
h,t,t,p,s,:,/,/,s,m,a,r,t,d,o,k,o,.,c,o,m,/,c,a,t,e,g,o,r,y,/,a,i,r,-,l,o,u,n,g,e,-,1
h,t,t,p,s,:,/,/,s,m,a,r,t,d,o,k,o,.,c,o,m,/,c,a,t,e,g,o,r,y,/,k,i,t,c,h,e,n,-,d,i,n,i,n,g,s
h,t,t,p,s,:,/,/,s,m,a,r,t,d,o,k,o,.,c,o,m,/,c,a,t,e,g,o,r,y,/,m,e,l,a,m,i,n,e,-,s,e,t,s
h,t,t,p,s,:,/,/,s,m,a,r,t,d,o,k,o,.,c,o,m,/,c,a,t,e,g,o,r,y,/,b,o,w,l,s
h,t,t,p,s,:,/,/,s,m,a,r,t,d,o,k,o,.,c,o,m,/,c,a,t,e,g,o,r,y,/,d,i,n,i,n,g,-,m,a,t
h,t,t,p,s,:,/,/,s,m,a,r,t,d,o,k,o,.,c,o,m,/,c,a,t,e,g,o,r,y,/,p,l,a,t,e,s,-,1,2,0
h,t,t,p,s,:,/,/,s,m,a,r,t,d,o,k,o,.,c,o,m,/,c,a,t,e,g,o,r,y,/,D,r,i,n,k,w,a,r,e,-,S,e,t,s
h,t,t,p,s,:,/,/,s,m,a,r,t,d,o,k,o,.,c,o,m,/,c,a,t,e,g,o,r,y,/,s,h,o,e,-,r,a,c,k,-,1,6,3,9
h,t,t,p,s,:,/,/,s,m,a,r,t,d,o,k,o,.,c,o,m,/,c,a,t,e,g,o,r,y,/,t,a,b,l,e,s,-,1
h,t,t,p,s,:,/,/,s,m,a,r,t,d,o,k,o,.,c,o,m,/,c,a,t,e,g,o,r,y,/,a,c,c,e,s,s,o,r,i,e,s,-,1,6,3,9
h,t,t,p,s,:,/,/,s,m,a,r,t,d,o,k,o,.,c,o,m,/,c,a,t,e,g,o,r,y,/,g,l,a,s,s,-,j,a,r,s,-,1,6,3,9
h,t,t,p,s,:,/,/,s,m,a,r,t,d,o,k,o,.,c,o,m,/,c,a,t,e,g,o,r,y,/,w,a,t,e,r,-,b,o,t,t,l,e,s,-,1,6,3,9
h,t,t,p,s,:,/,/,s,m,a,r,t,d,o,k,o,.,c,o,m,/,c,a,t,e,g,o,r,y,/,u,m,b,r,e,l,l,a,-,1,6,3,9
h,t,t,p,s,:,/,/,s,m,a,r,t,d,o,k,o,.,c,o,m,/,c,a,t,e,g,o,r,y,/,b,e,d,s,-,1,6,3,9
h,t,t,p,s,:,/,/,s,m,a,r,t,d,o,k,o,.,c,o,m,/,c,a,t,e,g,o,r,y,/,t,o,y,s,-,k,i,d,s,-,b,a,b,y,-,1,6,3
h,t,t,p,s,:,/,/,s,m,a,r,t,d,o,k,o,.,c,o,m,/,c,a,t,e,g,o,r,y,/,B,a,b,i,e,s,-,C,a,r,e
h,t,t,p,s,:,/,/,s,m,a,r,t,d,o,k,o,.,c,o,m,/,c,a,t,e,g,o,r,y,/,B,a,b,i,e,s,-,C,r,e,a,m,-,L,o,t,i,o,n
h,t,t,p,s,:,/,/,s,m,a,r,t,d,o,k,o,.,c,o,m,/,c,a,t,e,g,o,r,y,/,B,a,b,i,e,s,-,O,i,l
h,t,t,p,s,:,/,/,s,m,a,r,t,d,o,k,o,.,c,o,m,/,c,a,t,e,g,o,r,y,/,b,a,b,i,e,s,-,P,o,w,d,e,r
h,t,t,p,s,:,/,/,s,m,a,r,t,d,o,k,o,.,c,o,m,/,c,a,t,e,g,o,r,y,/,T,u,m,m,y,-,R,o,l,l
h,t,t,p,s,:,/,/,s,m,a,r,t,d,o,k,o,.,c,o,m,/,c,a,t,e,g,o,r,y,/,M,o,s,q,u,i,t,o,s
h,t,t,p,s,:,/,/,s,m,a,r,t,d,o,k,o,.,c,o,m,/,c,a,t,e,g,o,r,y,/,b,a,b,y,-,b,e,d,d,i,n,g,-,s,e,t
h,t,t,p,s,:,/,/,s,m,a,r,t,d,o,k,o,.,c,o,m,/,c,a,t,e,g,o,r,y,/,F,e,e,d,i,n,g,-,E,s,s,e,n,t,i,l,a,s
h,t,t,p,s,:,/,/,s,m,a,r,t,d,o,k,o,.,c,o,m,/,c,a,t,e,g,o,r,y,/,b,a,b,y,-,D,i,n,i,n,g
h,t,t,p,s,:,/,/,s,m,a,r,t,d,o,k,o,.,c,o,m,/,c,a,t,e,g,o,r,y,/,B,o,t,t,l,e,s
h,t,t,p,s,:,/,/,s,m,a,r,t,d,o,k,o,.,c,o,m,/,c,a,t,e,g,o,r,y,/,B,a,b,i,e,s,-,F,o,o,d
h,t,t,p,s,:,/,/,s,m,a,r,t,d,o,k,o,.,c,o,m,/,c,a,t,e,g,o,r,y,/,F,o,o,d,s,-,W,a,r,m,e,r,s
h,t,t,p,s,:,/,/,s,m,a,r,t,d,o,k,o,.,c,o,m,/,c,a,t,e,g,o,r,y,/,b,a,b,y,-,f,o,o,d,-,1,6,4,3
h,t,t,p,s,:,/,/,s,m,a,r,t,d,o,k,o,.,c,o,m,/,c,a,t,e,g,o,r,y,/,D,i,a,p,e,r,-,W,i,p,e,s
h,t,t,p,s,:,/,/,s,m,a,r,t,d,o,k,o,.,c,o,m,/,c,a,t,e,g,o,r,y,/,S,a,f,e,t,y,-,S,e,c,u,r,i,t,y,s
h,t,t,p,s,:,/,/,s,m,a,r,t,d,o,k,o,.,c,o,m,/,c,a,t,e,g,o,r,y,/,B,a,b,y,-,C,h,a,i,r,s
h,t,t,p,s,:,/,/,s,m,a,r,t,d,o,k,o,.,c,o,m,/,c,a,t,e,g,o,r,y,/,H,e,a,l,t,h,-,a,n,d,-,M,o,n,i,t,o,r
h,t,t,p,s,:,/,/,s,m,a,r,t,d,o,k,o,.,c,o,m,/,c,a,t,e,g,o,r,y,/,B,a,b,y,-,W,a,l,k,e,r,-,C,a,r,r,i,e,r,s
h,t,t,p,s,:,/,/,s,m,a,r,t,d,o,k,o,.,c,o,m,/,c,a,t,e,g,o,r,y,/,B,a,b,y,-,S,a,f,e,t,y,s
h,t,t,p,s,:,/,/,s,m,a,r,t,d,o,k,o,.,c,o,m,/,c,a,t,e,g,o,r,y,/,F,a,b,r,i,c,-,C,a,r,e,s
h,t,t,p,s,:,/,/,s,m,a,r,t,d,o,k,o,.,c,o,m,/,c,a,t,e,g,o,r,y,/,M,a,t,e,r,n,i,t,e
h,t,t,p,s,:,/,/,s,m,a,r,t,d,o,k,o,.,c,o,m,/,c,a,t,e,g,o,r,y,/,C,a,r,e
h,t,t,p,s,:,/,/,s,m,a,r,t,d,o,k,o,.,c,o,m,/,c,a,t,e,g,o,r,y,/,P,u,m,p
h,t,t,p,s,:,/,/,s,m,a,r,t,d,o,k,o,.,c,o,m,/,c,a,t,e,g,o,r,y,/,W,e,a,r
h,t,t,p,s,:,/,/,s,m,a,r,t,d,o,k,o,.,c,o,m,/,c,a,t,e,g,o,r,y,/,k,i,d,s,-,f,a,c,e,-,s,h,i,e,l,d
h,t,t,p,s,:,/,/,s,m,a,r,t,d,o,k,o,.,c,o,m,/,c,a,t,e,g,o,r,y,/,c,h,i,l,d,r,e,n,s,-,b,o,o,k,s
h,t,t,p,s,:,/,/,s,m,a,r,t,d,o,k,o,.,c,o,m,/,c,a,t,e,g,o,r,y,/,K,i,d,s,-,F,a,s,h,i,o,n,s,-
h,t,t,p,s,:,/,/,s,m,a,r,t,d,o,k,o,.,c,o,m,/,c,a,t,e,g,o,r,y,/,B,a,b,y,-,C,l,o,t,h,i,n,g
h,t,t,p,s,:,/,/,s,m,a,r,t,d,o,k,o,.,c,o,m,/,c,a,t,e,g,o,r,y,/,K,i,d,s,-,C,l,o,t,h,i,n,g
h,t,t,p,s,:,/,/,s,m,a,r,t,d,o,k,o,.,c,o,m,/,c,a,t,e,g,o,r,y,/,K,i,d,s,-,S,h,o,e
h,t,t,p,s,:,/,/,s,m,a,r,t,d,o,k,o,.,c,o,m,/,c,a,t,e,g,o,r,y,/,B,a,b,y,-,G,e,a,r,s
h,t,t,p,s,:,/,/,s,m,a,r,t,d,o,k,o,.,c,o,m,/,c,a,t,e,g,o,r,y,/,c,a,p,-,1,6,4,3
h,t,t,p,s,:,/,/,s,m,a,r,t,d,o,k,o,.,c,o,m,/,c,a,t,e,g,o,r,y,/,a,c,c,e,s,s,o,r,i,e,s,-,1,6,4,3
h,t,t,p,s,:,/,/,s,m,a,r,t,d,o,k,o,.,c,o,m,/,c,a,t,e,g,o,r,y,/,b,a,b,y,-,c,h,a,i,r,-,1,6,4,3
h,t,t,p,s,:,/,/,s,m,a,r,t,d,o,k,o,.,c,o,m,/,c,a,t,e,g,o,r,y,/,b,a,b,y,-,f,e,e,d,i,n,g,-,c,h,a,i,r
h,t,t,p,s,:,/,/,s,m,a,r,t,d,o,k,o,.,c,o,m,/,c,a,t,e,g,o,r,y,/,t,o,y,s
h,t,t,p,s,:,/,/,s,m,a,r,t,d,o,k,o,.,c,o,m,/,c,a,t,e,g,o,r,y,/,C,h,i,l,d,r,e,n,-,T,o,y
h,t,t,p,s,:,/,/,s,m,a,r,t,d,o,k,o,.,c,o,m,/,c,a,t,e,g,o,r,y,/,S,o,f,t,-,T,o,y
h,t,t,p,s,:,/,/,s,m,a,r,t,d,o,k,o,.,c,o,m,/,c,a,t,e,g,o,r,y,/,S,w,i,m,m,i,n,g,-,P,o,o,l,s
h,t,t,p,s,:,/,/,s,m,a,r,t,d,o,k,o,.,c,o,m,/,c,a,t,e,g,o,r,y,/,M,u,s,i,c,a,l,-,I,n,s,t,r,u,m,e,n,t,s
h,t,t,p,s,:,/,/,s,m,a,r,t,d,o,k,o,.,c,o,m,/,c,a,t,e,g,o,r,y,/,D,o,l,l
h,t,t,p,s,:,/,/,s,m,a,r,t,d,o,k,o,.,c,o,m,/,c,a,t,e,g,o,r,y,/,p,r,a,m,s,-,s,t,r,o,l,l,e,r,s,-,1,6,4,3
h,t,t,p,s,:,/,/,s,m,a,r,t,d,o,k,o,.,c,o,m,/,c,a,t,e,g,o,r,y,/,s,w,i,n,g
h,t,t,p,s,:,/,/,s,m,a,r,t,d,o,k,o,.,c,o,m,/,c,a,t,e,g,o,r,y,/,b,e,v,e,r,a,g,e,s,-,a,l,c,o,h,o,l,-,7,6,5
h,t,t,p,s,:,/,/,s,m,a,r,t,d,o,k,o,.,c,o,m,/,c,a,t,e,g,o,r,y,/,n,o,n,-,a,l,c,o,h,o,l,i,c,-,b,e,v,e,r,a,g,e,s,-,1,6,5,8
h,t,t,p,s,:,/,/,s,m,a,r,t,d,o,k,o,.,c,o,m,/,c,a,t,e,g,o,r,y,/,B,e,v,e,r,a,g,e,s
h,t,t,p,s,:,/,/,s,m,a,r,t,d,o,k,o,.,c,o,m,/,c,a,t,e,g,o,r,y,/,S,y,r,u,p,s
h,t,t,p,s,:,/,/,s,m,a,r,t,d,o,k,o,.,c,o,m,/,c,a,t,e,g,o,r,y,/,J,u,i,c,e
h,t,t,p,s,:,/,/,s,m,a,r,t,d,o,k,o,.,c,o,m,/,c,a,t,e,g,o,r,y,/,t,e,a,-,b,a,g,t,e,a,-,b,o,x
h,t,t,p,s,:,/,/,s,m,a,r,t,d,o,k,o,.,c,o,m,/,c,a,t,e,g,o,r,y,/,C,o,f,f,e,e,s
h,t,t,p,s,:,/,/,s,m,a,r,t,d,o,k,o,.,c,o,m,/,c,a,t,e,g,o,r,y,/,n,o,n,-,a,l,c,o,h,o,l,i,c,-,d,r,i,n,k,s,s,o,f,t,-,d,r,i,n,k
h,t,t,p,s,:,/,/,s,m,a,r,t,d,o,k,o,.,c,o,m,/,c,a,t,e,g,o,r,y,/,l,i,q,u,o,r,s,-,1,6,5,8
h,t,t,p,s,:,/,/,s,m,a,r,t,d,o,k,o,.,c,o,m,/,c,a,t,e,g,o,r,y,/,s,i,n,g,l,e,-,m,a,l,t,-,w,h,i,s,k,e,y
h,t,t,p,s,:,/,/,s,m,a,r,t,d,o,k,o,.,c,o,m,/,c,a,t,e,g,o,r,y,/,g,i,n
h,t,t,p,s,:,/,/,s,m,a,r,t,d,o,k,o,.,c,o,m,/,c,a,t,e,g,o,r,y,/,r,u,m
h,t,t,p,s,:,/,/,s,m,a,r,t,d,o,k,o,.,c,o,m,/,c,a,t,e,g,o,r,y,/,t,e,q,u,i,l,a,-,3,5,3
h,t,t,p,s,:,/,/,s,m,a,r,t,d,o,k,o,.,c,o,m,/,c,a,t,e,g,o,r,y,/,p,o,r,t,-,w,i,n,e
h,t,t,p,s,:,/,/,s,m,a,r,t,d,o,k,o,.,c,o,m,/,c,a,t,e,g,o,r,y,/,m,e,n,s,-,f,a,s,h,i,o,n,-,3,4,2
h,t,t,p,s,:,/,/,s,m,a,r,t,d,o,k,o,.,c,o,m,/,c,a,t,e,g,o,r,y,/,c,l,o,t,h,i,n,g
h,t,t,p,s,:,/,/,s,m,a,r,t,d,o,k,o,.,c,o,m,/,c,a,t,e,g,o,r,y,/,t,s,h,i,r,t,s,-,p,o,l,o,-,t,s,h,i,r,t,s
h,t,t,p,s,:,/,/,s,m,a,r,t,d,o,k,o,.,c,o,m,/,c,a,t,e,g,o,r,y,/,j,e,a,n,s
h,t,t,p,s,:,/,/,s,m,a,r,t,d,o,k,o,.,c,o,m,/,c,a,t,e,g,o,r,y,/,s,h,i,r,t,s,-,1
h,t,t,p,s,:,/,/,s,m,a,r,t,d,o,k,o,.,c,o,m,/,c,a,t,e,g,o,r,y,/,j,a,c,k,e,t,s,-,h,o,o,d,i,e,s
h,t,t,p,s,:,/,/,s,m,a,r,t,d,o,k,o,.,c,o,m,/,c,a,t,e,g,o,r,y,/,s,w,e,a,t,e,r,s
h,t,t,p,s,:,/,/,s,m,a,r,t,d,o,k,o,.,c,o,m,/,c,a,t,e,g,o,r,y,/,a,c,c,e,s,s,o,r,i,e,s,-,7
h,t,t,p,s,:,/,/,s,m,a,r,t,d,o,k,o,.,c,o,m,/,c,a,t,e,g,o,r,y,/,s,o,c,k,s
h,t,t,p,s,:,/,/,s,m,a,r,t,d,o,k,o,.,c,o,m,/,c,a,t,e,g,o,r,y,/,w,a,l,l,e,t,s,-,1
h,t,t,p,s,:,/,/,s,m,a,r,t,d,o,k,o,.,c,o,m,/,c,a,t,e,g,o,r,y,/,b,e,l,t,s,-,1
h,t,t,p,s,:,/,/,s,m,a,r,t,d,o,k,o,.,c,o,m,/,c,a,t,e,g,o,r,y,/,m,a,s,k,s,-,g,l,o,v,e,s
h,t,t,p,s,:,/,/,s,m,a,r,t,d,o,k,o,.,c,o,m,/,c,a,t,e,g,o,r,y,/,h,a,t,s,-,c,a,p,s
h,t,t,p,s,:,/,/,s,m,a,r,t,d,o,k,o,.,c,o,m,/,c,a,t,e,g,o,r,y,/,f,o,o,t,w,e,a,r,s,-,1
h,t,t,p,s,:,/,/,s,m,a,r,t,d,o,k,o,.,c,o,m,/,c,a,t,e,g,o,r,y,/,s,p,o,r,t,s,-,s,h,o,e,s
h,t,t,p,s,:,/,/,s,m,a,r,t,d,o,k,o,.,c,o,m,/,c,a,t,e,g,o,r,y,/,c,a,s,u,a,l
h,t,t,p,s,:,/,/,s,m,a,r,t,d,o,k,o,.,c,o,m,/,c,a,t,e,g,o,r,y,/,f,o,r,m,a,l
h,t,t,p,s,:,/,/,s,m,a,r,t,d,o,k,o,.,c,o,m,/,c,a,t,e,g,o,r,y,/,l,o,a,f,e,r,s
h,t,t,p,s,:,/,/,s,m,a,r,t,d,o,k,o,.,c,o,m,/,c,a,t,e,g,o,r,y,/,s,l,i,p,p,e,r,s
h,t,t,p,s,:,/,/,s,m,a,r,t,d,o,k,o,.,c,o,m,/,c,a,t,e,g,o,r,y,/,c,o,v,i,d,-,1,9,-,e,s,s,e,n,t,i,a,l,s,-,8,7,9
h,t,t,p,s,:,/,/,s,m,a,r,t,d,o,k,o,.,c,o,m,/,c,a,t,e,g,o,r,y,/,c,o,v,i,d,-,s,e,l,f,-,t,e,s,t,-,k,i,t
h,t,t,p,s,:,/,/,s,m,a,r,t,d,o,k,o,.,c,o,m,/,c,a,t,e,g,o,r,y,/,s,a,n,i,t,i,z,e,r
h,t,t,p,s,:,/,/,s,m,a,r,t,d,o,k,o,.,c,o,m,/,c,a,t,e,g,o,r,y,/,M,a,s,k,s
h,t,t,p,s,:,/,/,s,m,a,r,t,d,o,k,o,.,c,o,m,/,c,a,t,e,g,o,r,y,/,g,l,o,v,e,s,-,1,6,5,7
h,t,t,p,s,:,/,/,s,m,a,r,t,d,o,k,o,.,c,o,m,/,c,a,t,e,g,o,r,y,/,o,x,i,m,e,t,e,r,-,1,6,5,7
h,t,t,p,s,:,/,/,s,m,a,r,t,d,o,k,o,.,c,o,m,/,c,a,t,e,g,o,r,y,/,t,h,e,r,m,o,m,e,t,e,r,-,1,6,5,7
h,t,t,p,s,:,/,/,s,m,a,r,t,d,o,k,o,.,c,o,m,/,c,a,t,e,g,o,r,y,/,h,a,n,d,-,w,a,s,h,-,1,6,5,7
h,t,t,p,s,:,/,/,s,m,a,r,t,d,o,k,o,.,c,o,m,/,c,a,t,e,g,o,r,y,/,h,a,n,d,-,c,l,e,a,n,s,e,r
h,t,t,p,s,:,/,/,s,m,a,r,t,d,o,k,o,.,c,o,m,/,c,a,t,e,g,o,r,y,/,o,x,y,g,e,n,-,c,o,n,c,e,n,t,r,a,t,o,r,-,1,6,5,7
h,t,t,p,s,:,/,/,s,m,a,r,t,d,o,k,o,.,c,o,m,/,c,a,t,e,g,o,r,y,/,u,v,-,l,i,g,h,t,i,z,e,r,-,1,6,5,7
h,t,t,p,s,:,/,/,s,m,a,r,t,d,o,k,o,.,c,o,m,/,c,a,t,e,g,o,r,y,/,V,e,g,e,t,a,b,l,e,s,-,F,r,u,i,t,-,W,a,s,h
h,t,t,p,s,:,/,/,s,m,a,r,t,d,o,k,o,.,c,o,m,/,c,a,t,e,g,o,r,y,/,s,p,e,c,i,a,l,-,o,c,c,a,s,i,o,n,s,-,g,i,f,t,s,-,9,4,7
h,t,t,p,s,:,/,/,s,m,a,r,t,d,o,k,o,.,c,o,m,/,c,a,t,e,g,o,r,y,/,g,i,f,t,-,c,a,r,d,s,-,1,7,5,6
